,NAME,molecule label,smiles,F,carbonyl,sulfinyl,sulfonyl,nitroso,nitro,NHISS,SpMax1_Bh(s),SpMax2_Bh(s),SpMax3_Bh(s),SpMax4_Bh(s),SpMax5_Bh(s),SpMax6_Bh(s),SpMax7_Bh(s)
0,A 939572.mol,A 939572,CNC(=O)c1cccc(c1)NC(=O)N2CCC(CC2)Oc3ccccc3Cl,0.0,2.0,0.0,0.0,0.0,0.0,2.0,7.432,7.427,4.99,4.725,4.485,4.314,4.183
1,ABT-751.mol,ABT-751,COc1ccc(cc1)S(=O)(=O)Nc2cccnc2Nc3ccc(cc3)O,0.0,0.0,0.0,1.0,0.0,0.0,2.0,7.717,6.999,6.471,4.92,4.844,4.615,4.328
2,ABT737.mol,ABT737,CN(C)CC[C@@H](CSc1ccccc1)Nc2ccc(cc2[N+](=O)[O-])S(=O)(=O)NC(=O)c3ccc(cc3)N4CCN(CC4)Cc5ccccc5c6ccc(cc6)Cl,0.0,1.0,0.0,1.0,0.0,1.0,5.0,7.815,7.718,7.427,6.999,6.999,4.959,4.76
3,AGI-6780.mol,AGI-6780,c1cc(cc(c1)NC(=O)Nc2cc(ccc2c3ccsc3)S(=O)(=O)NC4CC4)C(F)(F)F,3.0,1.0,0.0,1.0,0.0,0.0,6.0,8.513,7.999,7.999,7.717,7.431,6.999,4.792
4,AMI-1.mol,AMI-1,c1cc2c(cc1NC(=O)Nc3ccc4c(c3)cc(cc4O)S(=O)(=O)O)cc(cc2O)S(=O)(=O)O,0.0,1.0,0.0,2.0,0.0,0.0,5.0,7.864,7.855,7.431,7.246,7.243,6.999,6.999
5,AS-252424.mol,AS-252424,c1cc(c(cc1F)O)c2ccc(o2)/C=C/3\C(=O)NC(=O)S3,1.0,2.0,0.0,0.0,0.0,0.0,3.0,8.201,7.449,7.409,6.469,5.059,4.434,4.126
6,AS-604850.mol,AS-604850,c1cc2c(cc1/C=C/3\C(=O)NC(=O)S3)OC(O2)(F)F,2.0,2.0,0.0,0.0,0.0,0.0,4.0,8.363,7.999,7.449,7.409,4.915,4.355,4.03
7,AT101 Glossypol.mol,AT101 Glossypol,Cc1cc2c(c(c(c(c2C(C)C)O)O)C=O)c(c1c3c(cc4c(c3O)c(c(c(c4C(C)C)O)O)C=O)C)O,0.0,2.0,0.0,0.0,0.0,0.0,2.0,7.455,7.451,6.535,6.523,6.472,6.46,6.4
8,AZ 3146.mol,AZ 3146,Cn1c2cnc(nc2n(c1=O)C3CCCC3)Nc4ccc(cc4OC)OC5CCN(CC5)C,0.0,1.0,0.0,0.0,0.0,0.0,1.0,7.428,5.02,4.875,4.566,4.344,4.284,4.17
9,AZ628.mol,AZ628,Cc1ccc(cc1Nc2ccc3c(c2)c(=O)n(cn3)C)NC(=O)c4cccc(c4)C(C)(C)C#N,0.0,2.0,0.0,0.0,0.0,0.0,2.0,7.431,7.426,6.817,4.878,4.744,4.689,4.418
10,AZD2461.mol,AZD2461,COC1CCN(CC1)C(=O)c2cc(ccc2F)Cc3c4ccccc4c(=O)[nH]n3,1.0,2.0,0.0,0.0,0.0,0.0,3.0,8.201,7.431,7.426,4.836,4.646,4.581,4.448
11,AZD4547.mol,AZD4547,C[C@@H]1CN(C[C@@H](N1)C)c2ccc(cc2)C(=O)Nc3cc([nH]n3)CCc4cc(cc(c4)OC)OC,0.0,1.0,0.0,0.0,0.0,0.0,1.0,7.429,5.004,4.913,4.722,4.58,4.419,4.228
12,AZD6938.mol,AZD6938,c1cc(ncc1C#N)c2nc(on2)c3cc(cc(c3)F)C#N,1.0,0.0,0.0,0.0,0.0,0.0,1.0,8.201,6.822,6.818,5.303,4.792,4.504,3.826
13,AZD8055.mol,AZD8055,C[C@H]1COCCN1c2c3ccc(nc3nc(n2)N4CCOC[C@@H]4C)c5ccc(c(c5)CO)OC,0.0,0.0,0.0,0.0,0.0,0.0,0.0,6.457,5.112,4.825,4.648,4.622,4.496,4.257
14,Abiraterone.mol,Abiraterone,C[C@]12CC[C@@H](CC1=CC[C@@H]3[C@@H]2CC[C@]4([C@H]3CC=C4c5cccnc5)C)O,0.0,0.0,0.0,0.0,0.0,0.0,0.0,6.449,4.913,4.552,4.373,3.908,3.887,3.797
15,Adapalene.mol,Adapalene,COc1ccc(cc1C23CC4CC(C2)CC(C4)C3)c5ccc6cc(ccc6c5)C(=O)O,0.0,1.0,0.0,0.0,0.0,0.0,1.0,7.475,6.351,4.924,4.792,4.428,4.376,4.145
16,Afatinib.mol,Afatinib,CN(C)C/C=C/C(=O)Nc1cc2c(cc1O[C@@H]3CCOC3)ncnc2Nc4ccc(c(c4)Cl)F,1.0,1.0,0.0,0.0,0.0,0.0,2.0,8.201,7.43,5.089,4.858,4.747,4.521,4.418
17,Alisertib.mol,Alisertib,COc1cccc(c1C2=NCc3cnc(nc3-c4c2cc(cc4)Cl)Nc5ccc(c(c5)OC)C(=O)O)F,1.0,1.0,0.0,0.0,0.0,0.0,2.0,8.201,7.475,6.351,5.058,4.896,4.811,4.801
18,Alvelestat.mol,Alvelestat,Cc1c(cc(c(=O)n1c2cccc(c2)C(F)(F)F)C(=O)NCc3ccc(cn3)S(=O)(=O)C)c4ccnn4C,3.0,2.0,0.0,1.0,0.0,0.0,7.0,8.513,7.999,7.999,7.716,7.444,7.412,6.999
19,Alvespimycin.mol,Alvespimycin,C[C@H]1C[C@@H]([C@@H]([C@H](/C=C(/[C@@H]([C@H](/C=C\C=C(\C(=O)NC2=CC(=O)C(=C(C1)C2=O)NCCN(C)C)/C)OC)OC(=O)N)\C)C)O)OC,0.0,4.0,0.0,0.0,0.0,0.0,4.0,7.445,7.438,7.427,7.418,6.449,4.925,4.723
20,Amuvatinib.mol,Amuvatinib,c1ccc2c(c1)c3c(o2)c(ncn3)N4CCN(CC4)C(=S)NCc5ccc6c(c5)OCO6,0.0,0.0,0.0,0.0,0.0,0.0,0.0,5.25,5.008,4.823,4.723,4.36,4.345,4.227
21,Anacardic Acid.mol,Anacardic Acid,CCC/C=C\C/C=C\CCCCCCCc1cccc(c1C(=O)O)O,0.0,1.0,0.0,0.0,0.0,0.0,1.0,7.475,6.469,6.35,4.586,4.507,4.264,4.109
22,Andarine.mol,Andarine,CC(=O)Nc1ccc(cc1)OC[C@@](C)(C(=O)Nc2ccc(c(c2)C(F)(F)F)[N+](=O)[O-])O,3.0,2.0,0.0,0.0,0.0,1.0,7.0,8.513,7.999,7.999,7.815,7.432,7.428,6.999
23,Anidulafungin.mol,Anidulafungin,CCCCCOc1ccc(cc1)c2ccc(cc2)c3ccc(cc3)C(=O)N[C@H]4C[C@H]([C@H](NC(=O)[C@@H]5[C@H]([C@H](CN5C(=O)[C@@H](NC(=O)[C@@H](NC(=O)[C@@H]6C[C@H](CN6C(=O)[C@@H](NC4=O)[C@@H](C)O)O)[C@@H]([C@H](c7ccc(cc7)O)O)O)[C@@H](C)O)C)O)O)O,0.0,7.0,0.0,0.0,0.0,0.0,7.0,7.445,7.43,7.428,7.426,7.424,7.422,7.421
24,Apitolisib.mol,Apitolisib,Cc1c(sc2c1nc(nc2N3CCOCC3)c4cnc(nc4)N)CN5CCN(CC5)C(=O)[C@H](C)O,0.0,1.0,0.0,0.0,0.0,0.0,1.0,7.428,6.444,5.244,5.007,4.616,4.577,4.372
25,Aprepitant.mol,Aprepitant,C[C@H](c1cc(cc(c1)C(F)(F)F)C(F)(F)F)O[C@@H]2[C@@H]([N@@](CCO2)Cc3[nH]c(=O)[nH]n3)c4ccc(cc4)F,7.0,1.0,0.0,0.0,0.0,0.0,8.0,8.518,8.509,8.201,7.999,7.999,7.999,7.999
26,Argatroban.mol,Argatroban,C[C@@H]1CCN([C@H](C1)C(=O)O)C(=O)[C@H](CCCN=C(N)N)NS(=O)(=O)c2cccc3c2NC[C@H](C3)C,0.0,2.0,0.0,1.0,0.0,0.0,4.0,7.717,7.474,7.426,6.999,6.351,5.323,4.723
27,Astemizole.mol,Astemizole,COc1ccc(cc1)CCN2CCC(CC2)Nc3nc4ccccc4n3Cc5ccc(cc5)F,1.0,0.0,0.0,0.0,0.0,0.0,1.0,8.201,5.034,4.864,4.624,4.431,4.38,4.26
28,Astragaloside A.mol,Astragaloside A,C[C@@]12CC[C@]34C[C@]35CC[C@H](C([C@H]5[C@@H](C[C@@H]4[C@]1(C[C@H]([C@H]2[C@@]6(CC[C@@H](O6)C(C)(C)O)C)O)C)O[C@@H]7[C@H]([C@@H]([C@H]([C@@H](O7)CO)O)O)O)(C)C)O[C@@H]8[C@H]([C@@H]([C@H](CO8)O)O)O,0.0,0.0,0.0,0.0,0.0,0.0,0.0,6.528,6.511,6.457,6.45,6.446,6.435,6.433
29,Atazanavir.mol,Atazanavir,CC(C)(C)[C@@H](C(=O)N[C@@H](Cc1ccccc1)[C@H](C[N@@](Cc2ccc(cc2)c3ccccn3)NC(=O)[C@H](C(C)(C)C)NC(=O)OC)O)NC(=O)OC,0.0,4.0,0.0,0.0,0.0,0.0,4.0,7.441,7.434,7.426,7.425,6.449,4.936,4.753
30,Atenolol.mol,Atenolol,CC(C)NC[C@H](COc1ccc(cc1)CC(=O)N)O,0.0,1.0,0.0,0.0,0.0,0.0,1.0,7.437,6.449,4.895,4.822,4.369,4.276,3.744
31,Atorvastatin.mol,Atorvastatin,CC(C)c1c(c(c(n1CC[C@H](C[C@H](CC(=O)O)O)O)c2ccc(cc2)F)c3ccccc3)C(=O)Nc4ccccc4,1.0,2.0,0.0,0.0,0.0,0.0,3.0,8.201,7.474,7.429,6.462,6.436,6.35,4.852
32,Avagacestat.mol,Avagacestat,c1cc(ccc1S(=O)(=O)[N@@](Cc2ccc(cc2F)c3ncon3)[C@H](CCC(F)(F)F)C(=O)N)Cl,4.0,1.0,0.0,1.0,0.0,0.0,7.0,8.513,8.201,7.999,7.999,7.715,7.436,6.999
33,Avasimibe.mol,Avasimibe,CC(C)c1cccc(c1OS(=O)(=O)NC(=O)Cc2c(cc(cc2C(C)C)C(C)C)C(C)C)C(C)C,0.0,1.0,0.0,1.0,0.0,0.0,3.0,7.725,7.427,6.999,4.786,4.698,4.19,4.19
34,Axitinib.mol,Axitinib,CNC(=O)c1ccccc1Sc2ccc3c(c2)[nH]nc3/C=C/c4ccccn4,0.0,1.0,0.0,0.0,0.0,0.0,1.0,7.429,5.088,4.895,4.7,4.372,4.18,4.142
35,BEZ235.mol,BEZ235,CC(C)(C#N)c1ccc(cc1)n2c3c4cc(ccc4ncc3n(c2=O)C)c5cc6ccccc6nc5,0.0,1.0,0.0,0.0,0.0,0.0,1.0,7.428,6.817,5.039,4.931,4.718,4.444,4.284
36,BMS 509744.mol,BMS 509744,Cc1cc(c(cc1Sc2cnc(s2)NC(=O)c3ccc(cc3)CN[C@@H](C)C(C)(C)C)C(=O)N4CCN(CC4)C(=O)C)OC,0.0,3.0,0.0,0.0,0.0,0.0,3.0,7.433,7.427,7.426,4.865,4.789,4.707,4.417
37,BMS-777607.mol,BMS-777607,CCO[C@H]1C=CN(C(=O)[C@@H]1C(=O)Nc2ccc(c(c2)F)Oc3ccnc(c3Cl)N)c4ccc(cc4)F,2.0,2.0,0.0,0.0,0.0,0.0,4.0,8.203,8.2,7.442,7.413,5.224,4.816,4.706
38,BV-6.mol,BV-6,C[C@@H](C(=O)N[C@@H](C1CCCCC1)C(=O)N2CCC[C@H]2C(=O)N[C@@H](C(c3ccccc3)c4ccccc4)C(=O)NCCCCCCNC(=O)[C@H](C(c5ccccc5)c6ccccc6)NC(=O)[C@@H]7CCCN7C(=O)[C@H](C8CCCCC8)NC(=O)[C@H](C)NC)NC,0.0,8.0,0.0,0.0,0.0,0.0,8.0,7.446,7.43,7.428,7.428,7.424,7.424,7.421
39,Balifomycin f.mol,Balifomycin f,C[C@H]1C/C(=C/C=C/[C@@H]([C@H](OC(=O)/C(=C/C(=C/[C@H]([C@H]1O)C)/C)/OC)[C@@H](C)[C@H]([C@H](C)[C@]2(C[C@H]([C@@H]([C@H](O2)C(C)C)C)OC(=O)C[C@H]3C(=O)N[C@@H](CS3)C(=O)O)O)O)OC)/C,0.0,4.0,0.0,0.0,0.0,0.0,4.0,7.475,7.436,7.431,7.425,6.464,6.447,6.437
40,Barasertib.mol,Barasertib,CC[N@@](CCCOc1ccc2c(c1)ncnc2Nc3cc([nH]n3)CC(=O)Nc4cccc(c4)F)CCO,1.0,1.0,0.0,0.0,0.0,0.0,2.0,8.201,7.429,6.456,5.109,4.966,4.674,4.659
41,Belnacasan.mol,Belnacasan,CCO[C@H]1[C@H](CC(=O)O1)NC(=O)[C@@H]2CCCN2C(=O)[C@H](C(C)(C)C)NC(=O)c3ccc(c(c3)Cl)N,0.0,4.0,0.0,0.0,0.0,0.0,4.0,7.438,7.43,7.426,7.422,5.151,4.728,4.683
42,Besifloxacin.mol,Besifloxacin,c1cc(ccc1[C@@H]2[C@H](C(=O)N2c3ccc(cc3)F)CC[C@@H](c4ccc(cc4)F)O)O,2.0,1.0,0.0,0.0,0.0,0.0,3.0,8.203,8.2,7.427,6.471,6.449,4.688,4.603
43,Bexarotene.mol,Bexarotene,Cc1cc2c(cc1C(=C)c3ccc(cc3)C(=O)O)C(CCC2(C)C)(C)C,0.0,1.0,0.0,0.0,0.0,0.0,1.0,7.475,6.351,4.874,4.65,4.445,4.193,4.107
44,Bicalutamide.mol,Bicalutamide,C[C@](CS(=O)(=O)c1ccc(cc1)F)(C(=O)Nc2ccc(c(c2)C(F)(F)F)C#N)O,4.0,1.0,0.0,1.0,0.0,0.0,7.0,8.513,8.201,7.999,7.999,7.714,7.43,6.999
45,Birinapant.mol,Birinapant,CC[C@@H](C(=O)N1C[C@H](C[C@H]1Cc2c3ccc(cc3[nH]c2c4c(c5ccc(cc5[nH]4)F)C[C@@H]6C[C@@H](CN6C(=O)[C@H](CC)NC(=O)[C@H](C)NC)O)F)O)NC(=O)[C@H](C)NC,2.0,4.0,0.0,0.0,0.0,0.0,6.0,8.203,8.2,7.436,7.428,7.423,7.423,6.452
46,Bortezomib.mol,Bortezomib,B([C@@H](CC(C)C)NC(=O)[C@H](Cc1ccccc1)NC(=O)c2cnccn2)(O)O,0.0,2.0,0.0,0.0,0.0,0.0,2.0,7.434,7.424,6.613,6.23,4.975,4.751,4.27
47,Buparlisib.mol,Buparlisib,c1c(c(cnc1N)c2cc(nc(n2)N3CCOCC3)N4CCOCC4)C(F)(F)F,3.0,0.0,0.0,0.0,0.0,0.0,3.0,,,,5.17,,,
48,C646.mol,C646,Cc1cc(c(cc1C)[N+](=O)[O-])c2ccc(o2)/C=C\3/C(=NN(C3=O)c4ccc(cc4)C(=O)O)C,0.0,2.0,0.0,0.0,0.0,1.0,4.0,7.815,7.475,7.428,6.999,6.351,5.074,4.778
49,CCT 018159.mol,CCT 018159,CCc1cc(c(cc1O)O)c2c(c([nH]n2)C)c3ccc4c(c3)OCCO4,0.0,0.0,0.0,0.0,0.0,0.0,0.0,6.492,6.445,5.026,4.894,4.419,4.29,4.208
50,CEP-32496.mol,CEP-32496,CC(C)(c1cc(no1)NC(=O)Nc2cccc(c2)Oc3c4cc(c(cc4ncn3)OC)OC)C(F)(F)F,3.0,1.0,0.0,0.0,0.0,0.0,4.0,8.513,7.999,7.999,7.431,5.213,5.135,4.84
51,CH4987655.mol,CH4987655,c1cc(c(cc1I)F)Nc2c(cc(c(c2F)F)CN3C(=O)CCCO3)C(=O)NOCCO,3.0,2.0,0.0,0.0,0.0,0.0,5.0,8.239,8.201,8.161,7.431,7.426,6.457,4.699
52,CH5138303.mol,CH5138303,c1cc2c3c(c1)c(c(cc3COC2)Cl)c4nc(nc(n4)SCCCC(=O)N)N,0.0,1.0,0.0,0.0,0.0,0.0,1.0,7.437,5.257,4.982,4.882,4.695,4.643,4.425
53,CP-724714.mol,CP-724714,Cc1ccc(cn1)Oc2ccc(cc2C)Nc3c4cc(ccc4ncn3)/C=C/CNC(=O)COC,0.0,1.0,0.0,0.0,0.0,0.0,1.0,7.429,5.085,4.975,4.736,4.609,4.548,4.308
54,CUDC-101.mol,CUDC-101,COc1cc2c(cc1OCCCCCCC(=O)NO)c(ncn2)Nc3cccc(c3)C#C,0.0,1.0,0.0,0.0,0.0,0.0,1.0,7.431,6.493,5.448,5.1,4.767,4.661,4.468
55,CUDC-907.mol,CUDC-907,CN(Cc1cc2c(s1)c(nc(n2)c3ccc(nc3)OC)N4CCOCC4)c5ncc(cn5)C(=O)NO,0.0,1.0,0.0,0.0,0.0,0.0,1.0,7.432,6.493,5.083,4.966,4.905,4.612,4.412
56,Cabergoline.mol,Cabergoline,CCNC(=O)N(CCCN(C)C)C(=O)[C@@H]1C[C@@H]2c3cccc4c3c(c[nH]4)C[C@H]2[N@@](C1)CC=C,0.0,2.0,0.0,0.0,0.0,0.0,2.0,7.444,7.412,4.965,4.715,4.347,4.296,4.241
57,Cabozantinib.mol,Cabozantinib,COc1cc2c(ccnc2cc1OC)Oc3ccc(cc3)NC(=O)C4(CC4)C(=O)Nc5ccc(cc5)F,1.0,2.0,0.0,0.0,0.0,0.0,3.0,8.201,7.443,7.413,5.08,4.834,4.693,4.663
58,Calpeptin.mol,Calpeptin,CCCC[C@@H](C=O)NC(=O)[C@H](CC(C)C)NC(=O)OCc1ccccc1,0.0,3.0,0.0,0.0,0.0,0.0,3.0,7.453,7.436,7.425,4.775,4.394,4.263,4.195
59,Camptotecin.mol,Camptotecin,CC[C@@]1(c2cc-3n(c(=O)c2COC1=O)Cc4c3nc5ccccc5c4)O,0.0,2.0,0.0,0.0,0.0,0.0,2.0,7.435,7.426,6.441,4.993,4.571,4.411,4.09
60,Carbamazepine.mol,Carbamazepine,c1ccc2c(c1)C=Cc3ccccc3N2C(=O)N,0.0,1.0,0.0,0.0,0.0,0.0,1.0,7.438,4.916,4.813,4.64,4.162,3.806,3.611
61,Carfilzomib.mol,Carfilzomib,CC(C)C[C@@H](C(=O)[C@]1(CO1)C)NC(=O)[C@H](Cc2ccccc2)NC(=O)[C@H](CC(C)C)NC(=O)[C@H](CCc3ccccc3)NC(=O)CN4CCOCC4,0.0,5.0,0.0,0.0,0.0,0.0,5.0,7.441,7.429,7.426,7.423,7.421,4.773,4.74
62,Cefapirin.mol,Cefapirin,CC(=O)OCC1=C(N2[C@@H]([C@@H](C2=O)NC(=O)CSc3ccncc3)SC1)C(=O)O,0.0,4.0,0.0,0.0,0.0,0.0,4.0,7.475,7.435,7.43,7.423,6.351,4.893,4.52
63,Cerdulatinib.mol,Cerdulatinib,CCS(=O)(=O)N1CCN(CC1)c2ccc(cc2)Nc3ncc(c(n3)NC4CC4)C(=O)N,0.0,1.0,0.0,1.0,0.0,0.0,3.0,7.714,7.437,6.999,5.016,4.859,4.724,4.371
64,Chloroquine.mol,Chloroquine,CCN(CC)CCC[C@H](C)Nc1ccnc2c1ccc(c2)Cl,0.0,0.0,0.0,0.0,0.0,0.0,0.0,5.055,4.706,4.357,4.253,4.085,3.892,3.867
65,Cholesterol.mol,Cholesterol,C[C@H](CCCC(C)C)[C@H]1CC[C@@H]2[C@@]1(CC[C@H]3[C@H]2CC=C4[C@@]3(CC[C@@H](C4)O)C)C,0.0,0.0,0.0,0.0,0.0,0.0,0.0,6.449,4.548,4.345,4.248,4.037,3.896,3.765
66,Ciclosporin.mol,Ciclosporin,CC[C@H]1C(=O)N(CC(=O)N([C@H](C(=O)N[C@H](C(=O)N([C@H](C(=O)N[C@H](C(=O)N[C@@H](C(=O)N([C@H](C(=O)N([C@H](C(=O)N([C@H](C(=O)N([C@H](C(=O)N1)[C@@H]([C@H](C)C/C=C/C)O)C)C(C)C)C)CC(C)C)C)CC(C)C)C)C)C)CC(C)C)C)C(C)C)CC(C)C)C)C,0.0,11.0,0.0,0.0,0.0,0.0,11.0,7.453,7.43,7.429,7.428,7.427,7.425,7.424
67,Cinacalcet.mol,Cinacalcet,C[C@H](c1cccc2c1cccc2)NCCCc3cccc(c3)C(F)(F)F,3.0,0.0,0.0,0.0,0.0,0.0,3.0,8.513,7.999,7.999,4.9,4.693,4.384,4.241
68,Clindamycin.mol,Clindamycin,CCC[C@@H]1C[C@H]([N@@](C1)C)C(=O)N[C@H]([C@H]2[C@@H]([C@@H]([C@H]([C@H](O2)SC)O)O)O)[C@H](C)Cl,0.0,1.0,0.0,0.0,0.0,0.0,1.0,7.428,6.517,6.435,6.386,4.739,4.492,4.373
69,Cobimetinib.mol,Cobimetinib,c1cc(c(cc1I)F)Nc2c(ccc(c2F)F)C(=O)N3CC(C3)([C@@H]4CCCCN4)O,3.0,1.0,0.0,0.0,0.0,0.0,4.0,8.239,8.201,8.161,7.427,6.447,4.677,4.468
70,Colchicine.mol,Colchicine,CC(=O)N[C@H]1CCc2cc(c(c(c2-c3c1cc(=O)c(cc3)OC)OC)OC)OC,0.0,2.0,0.0,0.0,0.0,0.0,2.0,7.431,7.427,4.974,4.731,4.579,4.48,4.417
71,Crizotinib.mol,Crizotinib,C[C@H](c1c(ccc(c1Cl)F)Cl)Oc2cc(cnc2N)c3cnn(c3)C4CCNCC4,1.0,0.0,0.0,0.0,0.0,0.0,1.0,8.201,5.192,4.961,4.932,4.616,4.59,4.375
72,Cromolyn.mol,Cromolyn,c1cc2c(c(c1)OCC(COc3cccc4c3c(=O)cc(o4)C(=O)O)O)c(=O)cc(o2)C(=O)O,0.0,4.0,0.0,0.0,0.0,0.0,4.0,7.479,7.473,7.429,7.426,6.45,6.352,6.35
73,Dabrafenib.mol,Dabrafenib,CC(C)(C)c1nc(c(s1)c2ccnc(n2)N)c3cccc(c3F)NS(=O)(=O)c4c(cccc4F)F,3.0,0.0,0.0,1.0,0.0,0.0,5.0,8.212,8.2,8.191,7.716,6.999,5.234,4.845
74,Dactolisib.mol,Dactolisib,CC(C)(C#N)c1ccc(cc1)n2c3c4cc(ccc4ncc3n(c2=O)C)c5cc6ccccc6nc5,0.0,1.0,0.0,0.0,0.0,0.0,1.0,7.428,6.817,5.039,4.931,4.718,4.444,4.284
75,Danoprevir.mol,Danoprevir,CC(C)(C)OC(=O)N[C@H]1CCCCC/C=C\[C@@H]2C[C@]2(NC(=O)[C@@H]3C[C@H](CN3C1=O)OC(=O)N4Cc5cccc(c5C4)F)C(=O)NS(=O)(=O)C6CC6,1.0,5.0,0.0,1.0,0.0,0.0,8.0,8.201,7.717,7.441,7.432,7.43,7.424,7.421
76,Dantron.mol,Dantron,c1cc2c(c(c1)O)C(=O)c3c(cccc3O)C2=O,0.0,2.0,0.0,0.0,0.0,0.0,2.0,7.436,7.419,6.471,6.465,4.61,4.49,3.656
77,Dapivirine.mol,Dapivirine,Cc1cc(c(c(c1)C)Nc2ccnc(n2)Nc3ccc(cc3)C#N)C,0.0,0.0,0.0,0.0,0.0,0.0,0.0,6.82,5.03,4.729,4.68,4.127,3.966,3.953
78,Decernotinib.mol,Decernotinib,CC[C@](C)(C(=O)NCC(F)(F)F)Nc1ccnc(n1)c2c[nH]c3c2cccn3,3.0,1.0,0.0,0.0,0.0,0.0,4.0,8.513,7.999,7.999,7.428,5.112,4.918,4.352
79,Defactinib.mol,Defactinib,CNC(=O)c1ccc(cc1)Nc2ncc(c(n2)NCc3c(nccn3)[N@](C)S(=O)(=O)C)C(F)(F)F,3.0,1.0,0.0,1.0,0.0,0.0,6.0,8.513,7.999,7.999,7.716,7.429,6.999,5.011
80,Degrasyn.mol,Degrasyn,CCC[C@@H](c1ccccc1)NC(=O)/C(=C/c2cccc(n2)Br)/C#N,0.0,1.0,0.0,0.0,0.0,0.0,1.0,7.43,6.818,4.891,4.755,4.208,4.063,3.883
81,Deguelin.mol,Deguelin,CC1(C=Cc2c(ccc3c2O[C@@H]4COc5cc(c(cc5[C@@H]4C3=O)OC)OC)O1)C,0.0,1.0,0.0,0.0,0.0,0.0,1.0,7.426,4.991,4.903,4.646,4.5,4.454,4.193
82,Delanzomib.mol,Delanzomib,B([C@H](CC(C)C)NC(=O)[C@H]([C@@H](C)O)NC(=O)c1cccc(n1)c2ccccc2)(O)O,0.0,2.0,0.0,0.0,0.0,0.0,2.0,7.434,7.424,6.613,6.45,6.23,4.901,4.64
83,Delavirdin.mol,Delavirdin,CC(C)Nc1cccnc1N2CCN(CC2)C(=O)c3cc4cc(ccc4[nH]3)NS(=O)(=O)C,0.0,1.0,0.0,1.0,0.0,0.0,3.0,7.718,7.428,6.999,4.95,4.892,4.315,4.306
84,Dexamethasone.mol,Dexamethasone,C[C@@H]1C[C@H]2[C@@H]3CCC4=CC(=O)C=C[C@@]4([C@]3([C@H](C[C@@]2([C@]1(C(=O)CO)O)C)O)F)C,1.0,2.0,0.0,0.0,0.0,0.0,3.0,8.188,7.431,7.427,6.456,6.445,6.435,4.517
85,Dilmapimod.mol,Dilmapimod,Cc1cc(ccc1c2c3ccc(=O)n(c3nc(n2)NC(CO)CO)c4c(cccc4F)F)F,3.0,1.0,0.0,0.0,0.0,0.0,4.0,8.211,8.201,8.191,7.429,6.469,6.443,4.988
86,Docetaxel.mol,Docetaxel,CC1=C2[C@H](C(=O)[C@@]3([C@H](C[C@@H]4[C@]([C@H]3[C@@H]([C@@](C2(C)C)(C[C@@H]1OC(=O)[C@@H]([C@H](c5ccccc5)NC(=O)OC(C)(C)C)O)O)OC(=O)c6ccccc6)(CO4)OC(=O)C)O)C)O,0.0,5.0,0.0,0.0,0.0,0.0,5.0,7.442,7.432,7.431,7.431,7.426,6.455,6.444
87,Dolutegravir.mol,Dolutegravir,C[C@@H]1CCO[C@@H]2N1C(=O)c3c(c(=O)c(cn3C2)C(=O)NCc4ccc(cc4F)F)O,2.0,3.0,0.0,0.0,0.0,0.0,5.0,8.211,8.191,7.447,7.426,7.413,6.459,4.649
88,Doxercalciferol.mol,Doxercalciferol,C[C@H](/C=C/[C@H](C)C(C)C)[C@H]1CC[C@@H]\2[C@@]1(CCC/C2=C\C=C/3\C[C@H](C[C@@H](C3=C)O)O)C,0.0,0.0,0.0,0.0,0.0,0.0,0.0,6.463,6.436,4.704,4.532,4.42,4.211,4.091
89,Doxorubicin.mol,Doxorubicin,C[C@H]1[C@H]([C@H](C[C@@H](O1)O[C@H]2C[C@@](Cc3c2c(c4c(c3O)C(=O)c5cccc(c5C4=O)OC)O)(C(=O)CO)O)N)O,0.0,3.0,0.0,0.0,0.0,0.0,3.0,7.437,7.428,7.419,6.481,6.454,6.453,6.448
90,Dutasteride.mol,Dutasteride,C[C@]12CC[C@H]3[C@H]([C@@H]1CC[C@@H]2C(=O)Nc4cc(ccc4C(F)(F)F)C(F)(F)F)CC[C@@H]5[C@@]3(C=CC(=O)N5)C,6.0,2.0,0.0,0.0,0.0,0.0,8.0,8.517,8.509,7.999,7.999,7.999,7.999,7.431
91,ERK5-IN-1.mol,ERK5-IN-1,CCOc1cc(ccc1Nc2ncc3c(n2)N(c4ccccc4C(=O)N3C)C5CCCC5)C(=O)N6CCC(CC6)N7CCN(CC7)C,0.0,2.0,0.0,0.0,0.0,0.0,2.0,7.43,7.426,5.015,4.797,4.696,4.433,4.351
92,Echinomycin.mol,Echinomycin,C[C@H]1C(=O)N([C@H]2CS[C@H]([C@@H](C(=O)N([C@H](C(=O)OC[C@H](C(=O)N1)NC(=O)c3cnc4ccccc4n3)C(C)C)C)N(C(=O)[C@@H](NC(=O)[C@@H](COC(=O)[C@@H](N(C2=O)C)C(C)C)NC(=O)c5cnc6ccccc6n5)C)C)SC)C,0.0,10.0,0.0,0.0,0.0,0.0,10.0,7.452,7.431,7.43,7.43,7.427,7.427,7.424
93,Efavirenz.mol,Efavirenz,c1cc2c(cc1Cl)[C@@](OC(=O)N2)(C#CC3CC3)C(F)(F)F,3.0,1.0,0.0,0.0,0.0,0.0,4.0,8.513,7.999,7.999,7.435,4.957,4.753,4.418
94,Emend.mol,Emend,C[C@H](c1cc(cc(c1)C(F)(F)F)C(F)(F)F)O[C@@H]2[C@@H]([N@@](CCO2)Cc3[nH]c(=O)[nH]n3)c4ccc(cc4)F,7.0,1.0,0.0,0.0,0.0,0.0,8.0,8.518,8.509,8.201,7.999,7.999,7.999,7.999
95,Encorafenib.mol,Encorafenib,C[C@@H](CNc1nccc(n1)c2cn(nc2c3cc(cc(c3F)NS(=O)(=O)C)Cl)C(C)C)NC(=O)OC,1.0,1.0,0.0,1.0,0.0,0.0,4.0,8.201,7.718,7.435,6.999,5.055,4.91,4.8
96,Entrectinib.mol,Entrectinib,CN1CCN(CC1)c2ccc(c(c2)NC3CCOCC3)C(=O)Nc4c5cc(ccc5[nH]n4)Cc6cc(cc(c6)F)F,2.0,1.0,0.0,0.0,0.0,0.0,3.0,8.211,8.191,7.429,5.079,4.741,4.597,4.536
97,Epothilone A.mol,Epothilone A,Cc1nc(cs1)/C=C(\C)/[C@@H]2C[C@H]3[C@H](O3)CCC[C@@H]([C@@H]([C@H](C(=O)C([C@H](CC(=O)O2)O)(C)C)C)O)C,0.0,2.0,0.0,0.0,0.0,0.0,2.0,7.433,7.425,6.451,6.445,4.863,4.749,4.455
98,Epothilone B.mol,Epothilone B,Cc1nc(cs1)/C=C(\C)/[C@@H]2C[C@H]3[C@](O3)(CCC[C@@H]([C@@H]([C@H](C(=O)C([C@H](CC(=O)O2)O)(C)C)C)O)C)C,0.0,2.0,0.0,0.0,0.0,0.0,2.0,7.433,7.425,6.451,6.445,4.865,4.775,4.459
99,Epoxomicin.mol,Epoxomicin,CC[C@H](C)[C@@H](C(=O)N[C@@H]([C@@H](C)O)C(=O)N[C@@H](CC(C)C)C(=O)[C@]1(CO1)C)NC(=O)[C@H]([C@@H](C)CC)N(C)C(=O)C,0.0,5.0,0.0,0.0,0.0,0.0,5.0,7.44,7.428,7.426,7.423,7.421,6.45,4.742
100,Everolimus.mol,Everolimus,C[C@@H]1CC[C@H]2C[C@@H](/C(=C/C=C/C=C/[C@H](C[C@H](C(=O)[C@@H]([C@@H](/C(=C/[C@H](C(=O)C[C@H](OC(=O)[C@@H]3CCCCN3C(=O)C(=O)[C@@]1(O2)O)[C@H](C)C[C@@H]4CC[C@H]([C@@H](C4)OC)OCCO)C)/C)O)OC)C)C)/C)OC,0.0,5.0,0.0,0.0,0.0,0.0,5.0,7.498,7.433,7.426,7.424,7.352,6.458,6.449
101,Fatostatin A.mol,Fatostatin A,CCCc1cc(ccn1)c2nc(cs2)c3ccc(cc3)C,0.0,0.0,0.0,0.0,0.0,0.0,0.0,4.957,4.792,4.587,4.088,3.849,3.676,3.674
102,Fenretinide.mol,Fenretinide,CC1=C(C(CCC1)(C)C)/C=C/C(=C/C=C/C(=C/C(=O)Nc2ccc(cc2)O)/C)/C,0.0,1.0,0.0,0.0,0.0,0.0,1.0,7.43,6.471,4.694,4.638,4.512,4.309,4.008
103,Finasteride.mol,Finasteride,C[C@]12CC[C@H]3[C@H]([C@@H]1CC[C@@H]2C(=O)NC(C)(C)C)CC[C@@H]4[C@@]3(C=CC(=O)N4)C,0.0,2.0,0.0,0.0,0.0,0.0,2.0,7.431,7.427,4.544,4.396,4.302,3.943,3.832
104,Florone.mol,Florone,C[C@H]1C[C@H]2[C@@H]3C[C@@H](C4=CC(=O)C=C[C@@]4([C@]3([C@H](C[C@@]2([C@]1(C(=O)COC(=O)C)OC(=O)C)C)O)F)C)F,2.0,4.0,0.0,0.0,0.0,0.0,6.0,8.193,8.186,7.441,7.431,7.428,7.422,6.446
105,Floxapen.mol,Floxapen,Cc1c(c(no1)c2c(cccc2Cl)F)C(=O)N[C@H]3[C@@H]4N(C3=O)[C@H](C(S4)(C)C)C(=O)O,1.0,3.0,0.0,0.0,0.0,0.0,4.0,8.201,7.474,7.433,7.423,6.351,5.197,4.859
106,Fluconazole.mol,Fluconazole,c1cc(c(cc1F)F)C(Cn2cncn2)(Cn3cncn3)O,2.0,0.0,0.0,0.0,0.0,0.0,2.0,8.211,8.191,6.446,5.088,5.064,4.477,3.826
107,Fludarabine.mol,Fludarabine,c1nc2c(nc(nc2n1[C@H]3[C@H]([C@@H]([C@H](O3)COP(=O)(O)O)O)O)F)N,1.0,0.0,0.0,0.0,0.0,0.0,1.0,8.204,7.474,6.495,6.437,6.4,6.23,5.227
108,Fludrocortisone.mol,Fludrocortisone,CC(=O)OCC(=O)[C@]1(CC[C@@H]2[C@@]1(C[C@@H]([C@]3([C@H]2CCC4=CC(=O)CC[C@@]43C)F)O)C)O,1.0,3.0,0.0,0.0,0.0,0.0,4.0,8.188,7.438,7.427,7.424,6.449,6.437,4.442
109,Fluorescein.mol,Fluorescein,c1ccc2c(c1)C(=O)OC23c4ccc(cc4Oc5c3ccc(c5)O)O,0.0,1.0,0.0,0.0,0.0,0.0,1.0,7.433,6.474,6.468,4.937,4.69,4.435,4.264
110,Fluorouracil.mol,Fluorouracil,c1c(c(=O)[nH]c(=O)[nH]1)F,1.0,2.0,0.0,0.0,0.0,0.0,3.0,8.203,7.446,7.41,4.274,3.572,2.987,1.657
111,Flurbiprofen.mol,Flurbiprofen,C[C@H](c1ccc(c(c1)F)c2ccccc2)C(=O)O,1.0,1.0,0.0,0.0,0.0,0.0,2.0,8.201,7.474,6.351,4.792,4.539,3.931,3.674
112,Flutamide.mol,Flutamide,CC(C)C(=O)Nc1ccc(c(c1)C(F)(F)F)[N+](=O)[O-],3.0,1.0,0.0,0.0,0.0,1.0,6.0,8.513,7.999,7.999,7.815,7.428,6.999,4.663
113,Fluticasone.mol,Fluticasone,C[C@@H]1C[C@H]2[C@@H]3C[C@@H](C4=CC(=O)C=C[C@@]4([C@]3([C@H](C[C@@]2([C@]1(C(=O)SCF)O)C)O)F)C)F,3.0,2.0,0.0,0.0,0.0,0.0,5.0,8.197,8.191,8.186,7.43,7.426,6.449,6.437
114,Foretinib.mol,Foretinib,COc1cc2c(ccnc2cc1OCCCN3CCOCC3)Oc4ccc(cc4F)NC(=O)C5(CC5)C(=O)Nc6ccc(cc6)F,2.0,2.0,0.0,0.0,0.0,0.0,4.0,8.203,8.2,7.443,7.413,5.071,4.773,4.675
115,Formebolone.mol,Formebolone,C[C@@]1(CC[C@@H]2[C@@]1(C[C@H]([C@H]3[C@H]2CCC4=CC(=O)C(=C[C@]34C)C=O)O)C)O,0.0,2.0,0.0,0.0,0.0,0.0,2.0,7.46,7.42,6.453,6.443,4.521,4.27,3.915
116,Forskolin.mol,Forskolin,CC(=O)O[C@H]1[C@H]([C@@H]2[C@]([C@H](CCC2(C)C)O)([C@@]3([C@@]1(O[C@@](CC3=O)(C)C=C)C)O)C)O,0.0,2.0,0.0,0.0,0.0,0.0,2.0,7.434,7.427,6.462,6.444,6.431,4.804,4.517
117,Fosinopril.mol,Fosinopril,CCC(=O)O[C@@H](C(C)C)O[P@](=O)(CCCCc1ccccc1)CC(=O)N2C[C@@H](C[C@H]2C(=O)O)C3CCCCC3,0.0,3.0,0.0,0.0,0.0,0.0,3.0,7.474,7.434,7.429,7.382,6.351,4.754,4.63
118,Fulvastrune.mol,Fulvastrune,C[C@]12CC[C@@H]3c4ccc(cc4C[C@H]([C@H]3[C@@H]1CC[C@@H]2O)CCCCCCCCC[S@](=O)CCCC(C(F)(F)F)(F)F)O,5.0,0.0,2.0,0.0,0.0,0.0,7.0,8.531,8.336,7.999,7.999,7.999,7.396,6.471
119,G007-LK.mol,G007-LK,CS(=O)(=O)c1ccc(nc1)c2nnc(n2c3ccccc3Cl)/C=C/c4nnc(o4)c5ccc(cc5)C#N,0.0,0.0,0.0,1.0,0.0,0.0,2.0,7.716,6.999,6.82,5.275,5.118,4.889,4.755
120,GDC0032.mol,GDC0032,Cc1nc(n(n1)C(C)C)c2cn3c(n2)-c4ccc(cc4OCC3)c5cnn(c5)C(C)(C)C(=O)N,0.0,1.0,0.0,0.0,0.0,0.0,1.0,7.436,5.101,4.979,4.887,4.844,4.613,4.301
121,GDC0810.mol,GDC0810,CCC(=C(c1ccc(cc1)CCC(=O)O)c2ccc3c(c2)cn[nH]3)c4ccc(cc4Cl)F,1.0,1.0,0.0,0.0,0.0,0.0,2.0,8.201,7.474,6.351,5.098,4.895,4.731,4.41
122,GNE-795.mol,GNE-795,CCNc1c(cnc(n1)Nc2cc(c(cc2OC)C(=O)N3CCOCC3)F)C(F)(F)F,4.0,1.0,0.0,0.0,0.0,0.0,5.0,8.513,8.201,7.999,7.999,7.427,4.994,4.774
123,GNF-5.mol,GNF-5,c1cc(cc(c1)C(=O)NCCO)c2cc(ncn2)Nc3ccc(cc3)OC(F)(F)F,3.0,1.0,0.0,0.0,0.0,0.0,4.0,8.516,7.999,7.999,7.429,6.456,5.03,4.8
124,GSK 2033.mol,GSK 2033,Cc1cc(c(c(c1)C)S(=O)(=O)[N@](Cc2ccc(cc2)c3cccc(c3)S(=O)(=O)C)Cc4ccc(o4)C(F)(F)F)C,3.0,0.0,0.0,2.0,0.0,0.0,7.0,8.513,7.999,7.999,7.719,7.712,6.999,6.999
125,GSK 650394.mol,GSK 650394,c1ccc(cc1)c2cc3c(c[nH]c3nc2)c4ccc(c(c4)C5CCCC5)C(=O)O,0.0,1.0,0.0,0.0,0.0,0.0,1.0,7.475,6.351,5.07,4.742,4.642,4.283,4.193
126,GSK1904529a.mol,GSK1904529a,CCc1cc(c(cc1N2CCC(CC2)N3CCN(CC3)S(=O)(=O)C)OC)Nc4nccc(n4)c5c(nc6n5cccc6)c7ccc(c(c7)C(=O)Nc8c(cccc8F)F)OC,2.0,1.0,0.0,1.0,0.0,0.0,5.0,8.211,8.191,7.716,7.429,6.999,5.113,4.942
127,GSK2636771.mol,GSK2636771,Cc1c(cccc1C(F)(F)F)Cn2c(nc3c2cc(cc3C(=O)O)N4CCOCC4)C,3.0,1.0,0.0,0.0,0.0,0.0,4.0,8.513,7.999,7.999,7.475,6.351,4.991,4.67
128,GSK923295.mol,GSK923295,C[C@@H](c1cccn2c1nc(c2)c3ccc(cc3)C[C@@H](CNC(=O)CN(C)C)NC(=O)c4ccc(c(c4)Cl)OC(C)C)O,0.0,2.0,0.0,0.0,0.0,0.0,2.0,7.431,7.427,6.451,5.049,4.971,4.688,4.498
129,Gabapentin.mol,Gabapentin,C1CCC(CC1)(CC(=O)O)CN,0.0,1.0,0.0,0.0,0.0,0.0,1.0,7.474,6.351,5.006,4.234,3.603,3.474,2.977
130,Gefitinib.mol,Gefitinib,COc1cc2c(cc1OCCCN3CCOCC3)c(ncn2)Nc4ccc(c(c4)Cl)F,1.0,0.0,0.0,0.0,0.0,0.0,1.0,8.201,5.104,4.861,4.755,4.626,4.466,4.368
131,Geldanamycin.mol,Geldanamycin,C[C@H]1C[C@@H]([C@@H]([C@H](/C=C(/[C@@H]([C@H](/C=C\C=C(\C(=O)NC2=CC(=O)C(=C(C1)C2=O)OC)/C)OC)OC(=O)N)\C)C)O)OC,0.0,4.0,0.0,0.0,0.0,0.0,4.0,7.445,7.438,7.427,7.418,6.449,4.925,4.726
132,Gemcitabine.mol,Gemcitabine,c1cn(c(=O)nc1N)[C@H]2C([C@@H]([C@H](O2)CO)O)(F)F,2.0,1.0,0.0,0.0,0.0,0.0,3.0,8.358,7.999,7.432,6.464,6.436,5.127,4.539
133,Glipizide.mol,Glipizide,Cc1cnc(cn1)C(=O)NCCc2ccc(cc2)S(=O)(=O)NC(=O)NC3CCCCC3,0.0,2.0,0.0,1.0,0.0,0.0,4.0,7.718,7.431,7.427,6.999,4.954,4.691,4.322
134,Glybenclamide.mol,Glybenclamide,COc1ccc(cc1C(=O)NCCc2ccc(cc2)S(=O)(=O)NC(=O)NC3CCCCC3)Cl,0.0,2.0,0.0,1.0,0.0,0.0,4.0,7.718,7.431,7.427,6.999,4.959,4.691,4.624
135,Golvatinib.mol,Golvatinib,CN1CCN(CC1)C2CCN(CC2)C(=O)Nc3cc(ccn3)Oc4ccc(c(c4)F)NC(=O)C5(CC5)C(=O)Nc6ccc(cc6)F,2.0,3.0,0.0,0.0,0.0,0.0,5.0,8.203,8.2,7.443,7.429,7.413,4.975,4.696
136,HMN-214.mol,HMN-214,CC(=O)N(c1ccccc1C=Cc2cc[n+](cc2)[O-])S(=O)(=O)c3ccc(cc3)OC,0.0,1.0,0.0,1.0,0.0,0.0,3.0,7.716,7.472,7.427,6.999,4.853,4.779,4.619
137,Halotestin.mol,Halotestin,C[C@]12CCC(=O)C=C1CC[C@@H]3[C@@]2([C@H](C[C@]4([C@H]3CC[C@]4(C)O)C)O)F,1.0,1.0,0.0,0.0,0.0,0.0,2.0,8.188,7.428,6.452,6.442,4.439,4.25,3.837
138,Harmine.mol,Harmine,Cc1c2c(ccn1)c3ccc(cc3[nH]2)OC,0.0,0.0,0.0,0.0,0.0,0.0,0.0,5.09,4.765,4.445,4.056,3.868,3.627,3.293
139,Herbimycin A.mol,Herbimycin A,C[C@H]1C[C@@H]([C@@H]([C@H](/C=C(/[C@@H]([C@H](/C=C\C=C(\C(=O)NC2=CC(=O)C=C([C@@H]1OC)C2=O)/C)OC)OC(=O)N)\C)C)OC)OC,0.0,4.0,0.0,0.0,0.0,0.0,4.0,7.445,7.438,7.427,7.418,4.926,4.761,4.698
140,ICG-001.mol,ICG-001,c1ccc(cc1)CNC(=O)N2CCC(=O)N3[C@@H]2CN(C(=O)[C@@H]3Cc4ccc(cc4)O)Cc5cccc6c5cccc6,0.0,3.0,0.0,0.0,0.0,0.0,3.0,7.434,7.427,7.422,6.471,4.898,4.756,4.621
141,INK128.mol,INK128,CC(C)n1c2c(c(n1)c3ccc4c(c3)nc(o4)N)c(ncn2)N,0.0,0.0,0.0,0.0,0.0,0.0,0.0,5.363,5.248,4.875,4.748,4.51,4.209,4.013
142,IOX 2.mol,IOX 2,c1ccc(cc1)Cn2c3ccccc3c(c(c2=O)C(=O)NCC(=O)O)O,0.0,3.0,0.0,0.0,0.0,0.0,3.0,7.475,7.443,7.412,6.465,6.351,4.772,4.696
143,IWP-L6.mol,IWP-L6,c1ccc(cc1)c2ccc(nc2)NC(=O)CSc3nc4c(c(=O)n3c5ccccc5)SCC4,0.0,2.0,0.0,0.0,0.0,0.0,2.0,7.43,7.426,4.925,4.792,4.684,4.624,4.014
144,IWR-1-endo.mol,IWR-1-endo,c1cc2cccnc2c(c1)NC(=O)c3ccc(cc3)N4C(=O)[C@H]5[C@@H]6C[C@H]([C@H]5C4=O)C=C6,0.0,3.0,0.0,0.0,0.0,0.0,3.0,7.445,7.429,7.408,4.998,4.7,4.52,4.401
145,Idasanutlin.mol,Idasanutlin,CC(C)(C)C[C@H]1[C@]([C@H]([C@@H](N1)C(=O)Nc2ccc(cc2OC)C(=O)O)c3cccc(c3F)Cl)(C#N)c4ccc(cc4F)Cl,2.0,2.0,0.0,0.0,0.0,0.0,4.0,8.203,8.199,7.475,7.428,6.816,6.351,4.902
146,Idelalisib.mol,Idelalisib,CC[C@@H](c1nc2cccc(c2c(=O)n1c3ccccc3)F)Nc4c-5ncnc5nc[nH]4,1.0,1.0,0.0,0.0,0.0,0.0,2.0,8.201,7.427,5.203,4.828,4.695,4.555,4.357
147,Iniparib.mol,Iniparib,c1cc(c(cc1C(=O)N)[N+](=O)[O-])I,0.0,1.0,0.0,0.0,0.0,1.0,3.0,7.815,7.437,6.999,4.898,4.601,3.604,3.504
148,Ipatasertib.mol,Ipatasertib,C[C@@H]1C[C@H](c2c1c(ncn2)N3CCN(CC3)C(=O)[C@H](CNC(C)C)c4ccc(cc4)Cl)O,0.0,1.0,0.0,0.0,0.0,0.0,1.0,7.427,6.45,4.965,4.934,4.412,4.292,4.271
149,Itraconazole.mol,Itraconazole,CC[C@@H](C)n1c(=O)n(cn1)c2ccc(cc2)N3CCN(CC3)c4ccc(cc4)OC[C@H]5CO[C@](O5)(Cn6cncn6)c7ccc(cc7Cl)Cl,0.0,1.0,0.0,0.0,0.0,0.0,1.0,7.428,5.105,5.021,4.875,4.8,4.759,4.62
150,Ixazomib.mol,Ixazomib,B([C@H](CC(C)C)/N=C(/C/N=C(/c1cc(ccc1Cl)Cl)\O)\O)(O)O,0.0,0.0,0.0,0.0,0.0,0.0,0.0,6.614,6.483,6.467,6.23,5.002,4.667,4.447
151,JNJ-7706621.mol,JNJ-7706621,c1cc(c(c(c1)F)C(=O)n2c(nc(n2)Nc3ccc(cc3)S(=O)(=O)N)N)F,2.0,1.0,0.0,1.0,0.0,0.0,5.0,8.211,8.191,7.726,7.428,6.999,5.23,4.835
152,K-252a.mol,K-252a,C[C@@]12[C@](C[C@@H](O1)n3c4ccccc4c5c3c6n2c7ccccc7c6c8c5C(=O)NC8)(C(=O)OC)O,0.0,2.0,0.0,0.0,0.0,0.0,2.0,7.434,7.428,6.441,5.084,4.809,4.57,4.477
153,KW-2478.mol,KW-2478,CCc1c(cc(c(c1CC(=O)N(CCOC)CCOC)C(=O)c2ccc(c(c2)OC)OCCN3CCOCC3)O)O,0.0,2.0,0.0,0.0,0.0,0.0,2.0,7.43,7.425,6.491,6.445,4.911,4.658,4.624
154,Kaempherol.mol,Kaempherol,c1cc(ccc1c2c(c(=O)c3c(cc(cc3o2)O)O)O)O,0.0,1.0,0.0,0.0,0.0,0.0,1.0,7.429,6.494,6.471,6.459,6.445,4.774,4.525
155,Kenpaullone.mol,Kenpaullone,c1ccc2c(c1)-c3c(c4cc(ccc4[nH]3)Br)CC(=O)N2,0.0,1.0,0.0,0.0,0.0,0.0,1.0,7.429,4.972,4.701,4.267,3.949,3.776,3.58
156,Ketoconazole.mol,Ketoconazole,CC(=O)N1CCN(CC1)c2ccc(cc2)OC[C@H]3CO[C@](O3)(Cn4ccnc4)c5ccc(cc5Cl)Cl,0.0,1.0,0.0,0.0,0.0,0.0,1.0,7.428,5.057,4.949,4.865,4.758,4.612,4.378
157,LCL161.mol,LCL161,C[C@@H](C(=O)N[C@@H](C1CCCCC1)C(=O)N2CCC[C@H]2c3nc(cs3)C(=O)c4ccc(cc4)F)NC,1.0,3.0,0.0,0.0,0.0,0.0,4.0,8.201,7.434,7.426,7.423,4.786,4.583,4.369
158,LDN-212854.mol,LDN-212854,c1cc(c2cccnc2c1)c3cnn4c3ncc(c4)c5ccc(cc5)N6CCNCC6,0.0,0.0,0.0,0.0,0.0,0.0,0.0,5.148,4.963,4.736,4.418,4.354,4.316,3.965
159,LGB321.mol,LGB321,C[C@H]1CN(C[C@H]([C@@H]1O)N)c2ccncc2NC(=O)c3ccc(c(n3)c4c(cccc4F)F)F,3.0,1.0,0.0,0.0,0.0,0.0,4.0,8.212,8.2,8.191,7.429,6.449,4.993,4.891
160,LJI308.mol,LJI308,c1cc(ccc1c2ccncc2c3cc(c(c(c3)F)O)F)N4CCOCC4,2.0,0.0,0.0,0.0,0.0,0.0,2.0,8.211,8.191,6.459,4.926,4.713,4.567,4.359
161,LUMINESPIB.mol,LUMINESPIB,CCNC(=O)c1c(c(on1)c2cc(c(cc2O)O)C(C)C)c3ccc(cc3)CN4CCOCC4,0.0,1.0,0.0,0.0,0.0,0.0,1.0,7.429,6.492,6.445,5.188,4.714,4.604,4.445
162,LY3009120.mol,LY3009120,Cc1cc(c(cc1c2cc3cnc(nc3nc2C)NC)NC(=O)NCCC(C)(C)C)F,1.0,1.0,0.0,0.0,0.0,0.0,2.0,8.201,7.431,5.122,4.676,4.492,4.363,4.152
163,LY411575.mol,LY411575,C[C@@H](C(=O)N[C@H]1c2ccccc2-c3ccccc3N(C1=O)C)NC(=O)[C@H](c4cc(cc(c4)F)F)O,2.0,3.0,0.0,0.0,0.0,0.0,5.0,8.211,8.191,7.436,7.426,7.422,6.444,4.829
164,Lansoprazole.mol,Lansoprazole,Cc1c(ccnc1CS(=O)c2[nH]c3ccccc3n2)OCC(F)(F)F,3.0,0.0,2.0,0.0,0.0,0.0,5.0,8.513,7.999,7.999,7.397,5.043,4.908,4.392
165,Lapatinib.mol,Lapatinib,CS(=O)(=O)CCNCc1ccc(o1)c2ccc3c(c2)c(ncn3)Nc4ccc(c(c4)Cl)OCc5cccc(c5)F,1.0,0.0,0.0,1.0,0.0,0.0,3.0,8.201,7.715,6.999,5.124,5.008,4.963,4.661
166,Latamoxef.mol,Latamoxef,Cn1c(nnn1)SCC2=C(N3[C@@H]([C@@](C3=O)(NC(=O)[C@H](c4ccc(cc4)O)C(=O)O)OC)OC2)C(=O)O,0.0,4.0,0.0,0.0,0.0,0.0,4.0,7.481,7.473,7.429,7.421,6.471,6.352,6.35
167,Leflunomide.mol,Leflunomide,Cc1c(cno1)C(=O)Nc2ccc(cc2)C(F)(F)F,3.0,1.0,0.0,0.0,0.0,0.0,4.0,8.513,7.999,7.999,7.429,5.21,4.712,3.873
168,Leukadherin 1.mol,Leukadherin 1,c1ccc(cc1)CN2C(=O)/C(=C/c3ccc(o3)c4ccc(cc4)C(=O)O)/SC2=S,0.0,2.0,0.0,0.0,0.0,0.0,2.0,7.475,7.428,6.351,5.076,4.788,4.706,4.616
169,Levocabastine.mol,Levocabastine,C[C@@H]1C[N@@](CC[C@@]1(c2ccccc2)C(=O)O)C3CCC(CC3)(C#N)c4ccc(cc4)F,1.0,1.0,0.0,0.0,0.0,0.0,2.0,8.201,7.473,6.817,6.351,4.752,4.634,4.35
170,Linifanib.mol,Linifanib,Cc1ccc(c(c1)NC(=O)Nc2ccc(cc2)c3cccc4c3c(n[nH]4)N)F,1.0,1.0,0.0,0.0,0.0,0.0,2.0,8.201,7.431,5.248,4.796,4.688,4.648,4.321
171,Lomitapide.mol,Lomitapide,c1ccc(c(c1)c2ccc(cc2)C(F)(F)F)C(=O)NC3CCN(CC3)CCCCC4(c5ccccc5-c6c4cccc6)C(=O)NCC(F)(F)F,6.0,2.0,0.0,0.0,0.0,0.0,8.0,8.517,8.509,7.999,7.999,7.999,7.999,7.431
172,Lubiprostone.mol,Lubiprostone,CCCCC([C@]1(CC[C@H]2[C@H](O1)CC(=O)[C@@H]2CCCCCCC(=O)O)O)(F)F,2.0,2.0,0.0,0.0,0.0,0.0,4.0,8.358,7.999,7.474,7.426,6.448,6.351,4.508
173,MEK162.mol,MEK162,Cn1cnc2c1cc(c(c2F)Nc3ccc(cc3F)Br)C(=O)NOCCO,2.0,1.0,0.0,0.0,0.0,0.0,3.0,8.203,8.199,7.429,6.457,4.982,4.675,4.629
174,MGCD-265.mol,MGCD-265,Cn1cc(nc1)c2cc3c(s2)c(ccn3)Oc4ccc(cc4F)NC(=S)NC(=O)Cc5ccccc5,1.0,1.0,0.0,0.0,0.0,0.0,2.0,8.201,7.429,5.054,4.901,4.865,4.742,4.65
175,MK-0752.mol,MK-0752,c1cc(ccc1S(=O)(=O)C2(CCC(CC2)CCC(=O)O)c3cc(ccc3F)F)Cl,2.0,1.0,0.0,1.0,0.0,0.0,5.0,8.206,8.196,7.713,7.474,6.999,6.351,4.928
176,MK-8245.mol,MK-8245,c1cc(c(cc1F)OC2CCN(CC2)c3cc(on3)c4nnn(n4)CC(=O)O)Br,1.0,1.0,0.0,0.0,0.0,0.0,2.0,8.201,7.474,6.351,5.294,5.061,4.79,4.354
177,MK2206.mol,MK2206,c1ccc(cc1)c2cc3c(ccn4c3n[nH]c4=O)nc2c5ccc(cc5)C6(CCC6)N,0.0,1.0,0.0,0.0,0.0,0.0,1.0,7.43,5.049,4.959,4.737,4.67,4.484,4.136
178,ML323.mol,ML323,Cc1cnc(nc1NCc2ccc(cc2)n3ccnn3)c4ccccc4C(C)C,0.0,0.0,0.0,0.0,0.0,0.0,0.0,5.135,5.006,4.683,4.655,4.148,4.139,3.949
179,MLN 2480.mol,MLN 2480,C[C@H](c1ncc(s1)C(=O)Nc2cc(c(cn2)Cl)C(F)(F)F)NC(=O)c3c(c(ncn3)N)Cl,3.0,2.0,0.0,0.0,0.0,0.0,5.0,8.513,7.999,7.999,7.431,7.427,5.231,4.985
180,Macbecin I.mol,Macbecin I,C[C@H]1C[C@@H]([C@@H]([C@H](/C=C(/[C@@H]([C@H](/C=C\C=C(\C(=O)NC2=CC(=O)C=C([C@@H]1OC)C2=O)/C)C)OC(=O)N)\C)C)OC)OC,0.0,4.0,0.0,0.0,0.0,0.0,4.0,7.445,7.438,7.427,7.418,4.922,4.75,4.642
181,Masitinib.mol,Masitinib,Cc1ccc(cc1Nc2nc(cs2)c3cccnc3)NC(=O)c4ccc(cc4)CN5CCN(CC5)C,0.0,1.0,0.0,0.0,0.0,0.0,1.0,7.429,4.977,4.798,4.711,4.654,4.378,4.033
182,Meclizine.mol,Meclizine,Cc1cccc(c1)CN2CCN(CC2)[C@H](c3ccccc3)c4ccc(cc4)Cl,0.0,0.0,0.0,0.0,0.0,0.0,0.0,4.947,4.76,4.732,4.376,4.252,3.912,3.808
183,Mefloquine.mol,Mefloquine,c1cc2c(cc(nc2c(c1)C(F)(F)F)C(F)(F)F)[C@@H]([C@H]3CCCCN3)O,6.0,0.0,0.0,0.0,0.0,0.0,6.0,8.517,8.509,7.999,7.999,7.999,7.999,6.449
184,Methotrexate.mol,Methotrexate,CN(Cc1cnc2c(n1)c(nc(n2)N)N)c3ccc(cc3)C(=O)N[C@@H](CCC(=O)O)C(=O)O,0.0,3.0,0.0,0.0,0.0,0.0,3.0,7.477,7.471,7.428,6.352,6.35,5.342,4.989
185,Mibefradil.mol,Mibefradil,CC(C)[C@H]1c2ccc(cc2CC[C@@]1(CC[N@](C)CCCc3[nH]c4ccccc4n3)OC(=O)COC)F,1.0,1.0,0.0,0.0,0.0,0.0,2.0,8.201,7.432,5.061,4.689,4.598,4.39,4.355
186,Miconazole.mol,Miconazole,c1cc(c(cc1Cl)Cl)CO[C@H](Cn2ccnc2)c3ccc(cc3Cl)Cl,0.0,0.0,0.0,0.0,0.0,0.0,0.0,5.047,5.001,4.945,4.65,4.626,4.491,4.094
187,Mubritinib.mol,Mubritinib,c1cc(ccc1CCCCn2ccnn2)OCc3coc(n3)/C=C/c4ccc(cc4)C(F)(F)F,3.0,0.0,0.0,0.0,0.0,0.0,3.0,8.513,7.999,7.999,5.171,5.109,4.828,4.714
188,NITROFURANTOIN.mol,NITROFURANTOIN,c1cc(oc1/C=N/N2CC(=O)NC2=O)[N+](=O)[O-],0.0,2.0,0.0,0.0,0.0,1.0,4.0,7.815,7.449,7.409,6.999,5.048,4.518,3.886
189,NMS-E973.mol,NMS-E973,CN1CCC(CC1)NC(=O)c2cc(on2)c3c(cc(cc3Oc4ccc(cc4)[N+](=O)[O-])O)O,0.0,1.0,0.0,0.0,0.0,1.0,3.0,7.815,7.429,6.999,6.493,6.446,5.199,4.852
190,NVP-2.mol,NVP-2,C[C@H](COC)NC1CCC(CC1)Nc2cc(c(cn2)Cl)c3cccc(n3)NCC4(CCOCC4)C#N,0.0,0.0,0.0,0.0,0.0,0.0,0.0,6.817,5.047,4.821,4.655,4.601,4.502,4.327
191,NVP-BHG712.mol,NVP-BHG712,Cc1ccc(cc1Nc2c3cnn(c3nc(n2)c4cccnc4)C)C(=O)Nc5cccc(c5)C(F)(F)F,3.0,1.0,0.0,0.0,0.0,0.0,4.0,8.513,7.999,7.999,7.429,5.156,4.88,4.741
192,NVP-TNKS656.mol,NVP-TNKS656,COc1ccc(cc1)C(=O)C2CCN(CC2)CC(=O)N(Cc3[nH]c(=O)c4c(n3)CCOC4)CC5CC5,0.0,3.0,0.0,0.0,0.0,0.0,3.0,7.432,7.426,7.425,4.856,4.781,4.487,4.354
193,Nabumetone.mol,Nabumetone,CC(=O)CCc1ccc2cc(ccc2c1)OC,0.0,1.0,0.0,0.0,0.0,0.0,1.0,7.427,4.945,4.588,4.138,3.911,3.772,3.514
194,Napabucasin.mol,Napabucasin,CC(=O)c1cc2c(o1)C(=O)c3ccccc3C2=O,0.0,3.0,0.0,0.0,0.0,0.0,3.0,7.438,7.426,7.419,4.955,4.663,3.742,3.65
195,Navitoclax.mol,Navitoclax,CC1(CCC(=C(C1)CN2CCN(CC2)c3ccc(cc3)C(=O)NS(=O)(=O)c4ccc(c(c4)S(=O)(=O)C(F)(F)F)N[C@H](CCN5CCOCC5)CSc6ccccc6)c7ccc(cc7)Cl)C,3.0,1.0,0.0,2.0,0.0,0.0,8.0,8.518,7.999,7.999,7.719,7.7,7.427,6.999
196,Nedocromil.mol,Nedocromil,CCCc1c2c(cc3c1oc(cc3=O)C(=O)O)c(=O)cc(n2CC)C(=O)O,0.0,4.0,0.0,0.0,0.0,0.0,4.0,7.479,7.473,7.429,7.425,6.352,6.35,4.807
197,Neratinib.mol,Neratinib,CCOc1cc2c(cc1NC(=O)/C=C/CN(C)C)c(c(cn2)C#N)Nc3ccc(c(c3)Cl)OCc4ccccn4,0.0,1.0,0.0,0.0,0.0,0.0,1.0,7.43,6.82,5.035,4.96,4.872,4.609,4.422
198,Neurodazine.mol,Neurodazine,COc1ccc(cc1)c2c(nc([nH]2)c3ccc(o3)c4cccc(c4)Cl)c5ccc(cc5)OC,0.0,0.0,0.0,0.0,0.0,0.0,0.0,5.149,4.952,4.88,4.843,4.72,4.342,4.307
199,Nilotinib.mol,Nilotinib,Cc1ccc(cc1Nc2nccc(n2)c3cccnc3)C(=O)Nc4cc(cc(c4)n5cc(nc5)C)C(F)(F)F,3.0,1.0,0.0,0.0,0.0,0.0,4.0,8.513,7.999,7.999,7.429,5.05,4.963,4.84
200,Nilutamide.mol,Nilutamide,CC1(C(=O)N(C(=O)N1)c2ccc(c(c2)C(F)(F)F)[N+](=O)[O-])C,3.0,2.0,0.0,0.0,0.0,1.0,7.0,8.513,7.999,7.999,7.815,7.447,7.409,6.999
201,Nirogacestat.mol,Nirogacestat,CCC[C@@H](C(=O)Nc1cn(cn1)C(C)(C)CNCC(C)(C)C)N[C@H]2CCc3cc(cc(c3C2)F)F,2.0,1.0,0.0,0.0,0.0,0.0,3.0,8.211,8.191,7.428,4.943,4.543,4.42,4.253
202,Nystatin.mol,Nystatin,C[C@H]1/C=C/C=C/CC/C=C/C=C/C=C/C=C/[C@@H](C[C@H]2[C@@H]([C@H](C[C@](O2)(C[C@H]([C@@H](CC[C@H](C[C@H](C[C@H](CC(=O)O[C@H]([C@@H]([C@@H]1O)C)C)O)O)O)O)O)O)O)C(=O)O)O[C@H]3[C@H]([C@H]([C@@H]([C@H](O3)C)O)N)O,0.0,2.0,0.0,0.0,0.0,0.0,2.0,7.474,7.432,6.503,6.471,6.459,6.458,6.447
203,OSI-930.mol,OSI-930,c1ccc2c(c1)c(ccn2)CNc3ccsc3C(=O)Nc4ccc(cc4)OC(F)(F)F,3.0,1.0,0.0,0.0,0.0,0.0,4.0,8.516,7.999,7.999,7.429,4.994,4.815,4.649
204,Odanacatib.mol,Odanacatib,CC(C)(C[C@@H](C(=O)NC1(CC1)C#N)N[C@@H](c2ccc(cc2)c3ccc(cc3)S(=O)(=O)C)C(F)(F)F)F,4.0,1.0,0.0,1.0,0.0,0.0,7.0,8.513,8.189,7.999,7.999,7.716,7.428,6.999
205,Olaparib.mol,Olaparib,c1ccc2c(c1)c(n[nH]c2=O)Cc3ccc(c(c3)C(=O)N4CCN(CC4)C(=O)C5CC5)F,1.0,3.0,0.0,0.0,0.0,0.0,4.0,8.201,7.432,7.426,7.425,4.835,4.584,4.449
206,Oprozomib.mol,Oprozomib,Cc1ncc(s1)C(=O)N[C@@H](COC)C(=O)N[C@@H](COC)C(=O)N[C@@H](Cc2ccccc2)C(=O)[C@]3(CO3)C,0.0,4.0,0.0,0.0,0.0,0.0,4.0,7.438,7.428,7.424,7.421,4.818,4.762,4.729
207,PD0332991.mol,PD0332991,Cc1c2cnc(nc2n(c(=O)c1C(=O)C)C3CCCC3)Nc4ccc(cn4)N5CCNCC5,0.0,2.0,0.0,0.0,0.0,0.0,2.0,7.443,7.412,5.025,4.838,4.392,4.295,4.198
208,PF-00562271.mol,PF-00562271,C[N@](c1c(cccn1)CNc2c(cnc(n2)Nc3ccc4c(c3)CC(=O)N4)C(F)(F)F)S(=O)(=O)C,3.0,1.0,0.0,1.0,0.0,0.0,6.0,8.513,7.999,7.999,7.716,7.429,6.999,4.997
209,PF-03814735.mol,PF-03814735,CC(=O)NCC(=O)N1[C@@H]2CC[C@H]1c3c2ccc(c3)Nc4ncc(c(n4)NC5CCC5)C(F)(F)F,3.0,2.0,0.0,0.0,0.0,0.0,5.0,8.513,7.999,7.999,7.434,7.423,4.993,4.728
210,PF-04929113.mol,PF-04929113,CC1(Cc2c(c(nn2c3ccc(c(c3)NC4CCC(CC4)OC(=O)CN)C(=O)N)C(F)(F)F)C(=O)C1)C,3.0,3.0,0.0,0.0,0.0,0.0,6.0,8.513,7.999,7.999,7.439,7.432,7.426,4.994
211,PF-3845.mol,PF-3845,c1cc(cc(c1)Oc2ccc(cn2)C(F)(F)F)CC3CCN(CC3)C(=O)Nc4cccnc4,3.0,1.0,0.0,0.0,0.0,0.0,4.0,8.513,7.999,7.999,7.429,4.995,4.906,4.702
212,PF-431396.mol,PF-431396,C[N@](c1ccccc1CNc2c(cnc(n2)Nc3ccc4c(c3)CC(=O)N4)C(F)(F)F)S(=O)(=O)C,3.0,1.0,0.0,1.0,0.0,0.0,6.0,8.513,7.999,7.999,7.716,7.429,6.999,4.994
213,PF-573228.mol,PF-573228,CS(=O)(=O)c1cccc(c1)CNc2c(cnc(n2)Nc3ccc4c(c3)CCC(=O)N4)C(F)(F)F,3.0,1.0,0.0,1.0,0.0,0.0,6.0,8.513,7.999,7.999,7.716,7.429,6.999,4.994
214,PHA-665752.mol,PHA-665752,Cc1c([nH]c(c1C(=O)N2CCC[C@@H]2CN3CCCC3)C)/C=C\4/c5cc(ccc5NC4=O)S(=O)(=O)Cc6c(cccc6Cl)Cl,0.0,2.0,0.0,1.0,0.0,0.0,4.0,7.714,7.431,7.426,6.999,5.005,4.824,4.68
215,PLX-4720.mol,PLX-4720,CCCS(=O)(=O)Nc1ccc(c(c1F)C(=O)c2c[nH]c3c2cc(cn3)Cl)F,2.0,1.0,0.0,1.0,0.0,0.0,5.0,8.21,8.191,7.716,7.427,6.999,5.103,4.66
216,PND-1186.mol,PND-1186,CNC(=O)c1ccccc1Nc2cc(ncc2C(F)(F)F)Nc3ccc(cc3OC)N4CCOCC4,3.0,1.0,0.0,0.0,0.0,0.0,4.0,8.513,7.999,7.999,7.429,4.941,4.803,4.702
217,Paclitaxel.mol,Paclitaxel,CC1=C2[C@H](C(=O)[C@@]3([C@H](C[C@@H]4[C@]([C@H]3[C@@H]([C@@](C2(C)C)(C[C@@H]1OC(=O)[C@@H]([C@H](c5ccccc5)NC(=O)c6ccccc6)O)O)OC(=O)c7ccccc7)(CO4)OC(=O)C)O)C)OC(=O)C,0.0,6.0,0.0,0.0,0.0,0.0,6.0,7.444,7.432,7.431,7.431,7.427,7.422,6.452
218,Panobinostat.mol,Panobinostat,Cc1c(c2ccccc2[nH]1)CCNCc3ccc(cc3)/C=C/C(=O)NO,0.0,1.0,0.0,0.0,0.0,0.0,1.0,7.433,6.493,4.958,4.761,4.338,4.251,4.076
219,Paricalcitol.mol,Paricalcitol,C[C@H](/C=C/[C@H](C)C(C)(C)O)[C@H]1CC[C@@H]\2[C@@]1(CCC/C2=C\C=C3C[C@H](C[C@@H](C3)O)O)C,0.0,0.0,0.0,0.0,0.0,0.0,0.0,6.463,6.447,6.435,4.579,4.43,4.269,4.047
220,Pazopanib.mol,Pazopanib,Cc1ccc(cc1S(=O)(=O)N)Nc2nccc(n2)N(C)c3ccc4c(n(nc4c3)C)C,0.0,0.0,0.0,1.0,0.0,0.0,2.0,7.726,6.999,5.057,4.982,4.826,4.658,4.406
221,Peficitinib.mol,Peficitinib,c1c[nH]c2c1c(c(cn2)C(=O)N)NC3[C@@H]4CC5C[C@H]3CC(C4)(C5)O,0.0,1.0,0.0,0.0,0.0,0.0,1.0,7.437,6.446,5.06,4.871,4.417,4.301,4.032
222,Pefloxacin.mol,Pefloxacin,CCn1cc(c(=O)c2c1cc(c(c2)F)N3CCN(CC3)C)C(=O)O,1.0,2.0,0.0,0.0,0.0,0.0,3.0,8.201,7.48,7.422,6.351,4.648,4.365,4.155
223,Pemetrexed.mol,Pemetrexed,c1cc(ccc1CCc2c[nH]c3c2c(=O)nc([nH]3)N)C(=O)N[C@@H](CCC(=O)O)C(=O)O,0.0,4.0,0.0,0.0,0.0,0.0,4.0,7.478,7.471,7.432,7.428,6.352,6.35,5.143
224,Permitil.mol,Permitil,c1ccc2c(c1)N(c3cc(ccc3S2)C(F)(F)F)CCCN4CCN(CC4)CCO,3.0,0.0,0.0,0.0,0.0,0.0,3.0,8.513,7.999,7.999,6.456,4.804,4.571,4.376
225,Pexidartinib.mol,Pexidartinib,c1cc(ncc1Cc2c[nH]c3c2cc(cn3)Cl)NCc4ccc(nc4)C(F)(F)F,3.0,0.0,0.0,0.0,0.0,0.0,3.0,8.513,7.999,7.999,5.114,4.902,4.811,4.665
226,Pictilisib.mol,Pictilisib,CS(=O)(=O)N1CCN(CC1)Cc2cc3c(s2)c(nc(n3)c4cccc5c4cn[nH]5)N6CCOCC6,0.0,0.0,0.0,1.0,0.0,0.0,2.0,7.716,6.999,5.13,4.975,4.612,4.427,4.336
227,Piperlongumine.mol,Piperlongumine,COc1cc(cc(c1OC)OC)/C=C/C(=O)N2CCC=CC2=O,0.0,2.0,0.0,0.0,0.0,0.0,2.0,7.444,7.412,4.979,4.58,4.475,4.385,4.328
228,Pitavastatin.mol,Pitavastatin,c1ccc2c(c1)c(c(c(n2)C3CC3)/C=C/[C@H](C[C@H](CC(=O)O)O)O)c4ccc(cc4)F,1.0,1.0,0.0,0.0,0.0,0.0,2.0,8.201,7.474,6.462,6.437,6.35,4.984,4.605
229,Pluripotin.mol,Pluripotin,Cc1ccc(cc1N2Cc3cnc(nc3N(C2=O)C)Nc4cc(nn4C)C)NC(=O)c5cccc(c5)C(F)(F)F,3.0,2.0,0.0,0.0,0.0,0.0,5.0,8.513,7.999,7.999,7.431,7.426,5.032,4.877
230,Pob-SAM.mol,Pob-SAM,C#CCOC/C=C/C[S@+](CC[C@@H](C(=O)O)N)C[C@@H]1[C@H]([C@H]([C@@H](O1)n2cnc3c2ncnc3N)O)O,0.0,1.0,0.0,0.0,0.0,0.0,1.0,7.474,6.495,6.4,6.351,5.439,5.271,4.976
231,Ponatinib.mol,Ponatinib,Cc1ccc(cc1C#Cc2cnc3n2nccc3)C(=O)Nc4ccc(c(c4)C(F)(F)F)CN5CCN(CC5)C,3.0,1.0,0.0,0.0,0.0,0.0,4.0,8.513,7.999,7.999,7.429,5.167,4.808,4.696
232,Prasugrel.mol,Prasugrel,CC(=O)Oc1cc2c(s1)CC[N@@](C2)[C@@H](c3ccccc3F)C(=O)C4CC4,1.0,2.0,0.0,0.0,0.0,0.0,3.0,8.201,7.434,7.425,4.749,4.638,4.253,4.185
233,Purvalanol.mol,Purvalanol,CC(C)[C@H](CO)Nc1nc(c2c(n1)n(cn2)C(C)C)Nc3ccc(c(c3)Cl)C(=O)O,0.0,1.0,0.0,0.0,0.0,0.0,1.0,7.475,6.456,6.351,5.149,4.897,4.573,4.38
234,R547.mol,R547,COc1ccc(c(c1C(=O)c2cnc(nc2N)NC3CCN(CC3)S(=O)(=O)C)F)F,2.0,1.0,0.0,1.0,0.0,0.0,5.0,8.239,8.161,7.716,7.427,6.999,5.181,4.761
235,RKI-1447.mol,RKI-1447,c1cc(cc(c1)O)CNC(=O)Nc2nc(cs2)c3ccncc3,0.0,1.0,0.0,0.0,0.0,0.0,1.0,7.431,6.471,4.962,4.737,4.631,4.065,3.793
236,RO4929097.mol,RO4929097,CC(C)(C(=O)NCC(C(F)(F)F)(F)F)C(=O)N[C@H]1c2ccccc2-c3ccccc3NC1=O,5.0,3.0,0.0,0.0,0.0,0.0,8.0,8.531,8.336,7.999,7.999,7.999,7.444,7.427
237,RO5126766.mol,RO5126766,Cc1c2ccc(cc2oc(=O)c1Cc3ccnc(c3F)NS(=O)(=O)NC)Oc4ncccn4,1.0,1.0,0.0,1.0,0.0,0.0,4.0,8.201,7.719,7.433,6.999,5.1,4.831,4.788
238,Radicicol.mol,Radicicol,C[C@@H]1C[C@@H]2[C@H](O2)/C=C\C=C\C(=O)Cc3c(c(cc(c3Cl)O)O)C(=O)O1,0.0,2.0,0.0,0.0,0.0,0.0,2.0,7.434,7.426,6.492,6.445,4.813,4.775,4.453
239,Radotinib.mol,Radotinib,Cc1ccc(cc1Nc2nccc(n2)c3cnccn3)C(=O)Nc4cc(cc(c4)n5cc(nc5)C)C(F)(F)F,3.0,1.0,0.0,0.0,0.0,0.0,4.0,8.513,7.999,7.999,7.429,5.088,4.965,4.895
240,Raltegravir.mol,Raltegravir,Cc1nnc(o1)C(=O)NC(C)(C)c2nc(c(c(=O)n2C)O)C(=O)NCc3ccc(cc3)F,1.0,3.0,0.0,0.0,0.0,0.0,4.0,8.201,7.437,7.428,7.423,6.459,5.231,4.675
241,Rapamycin.mol,Rapamycin,C[C@@H]1CC[C@H]2C[C@@H](/C(=C/C=C/C=C/[C@H](C[C@H](C(=O)[C@@H]([C@@H](/C(=C/[C@H](C(=O)C[C@H](OC(=O)[C@@H]3CCCCN3C(=O)C(=O)[C@@]1(O2)O)[C@H](C)C[C@@H]4CC[C@H]([C@@H](C4)OC)O)C)/C)O)OC)C)C)/C)OC,0.0,5.0,0.0,0.0,0.0,0.0,5.0,7.498,7.433,7.426,7.424,7.352,6.453,6.446
242,Refametinib.mol,Refametinib,CCNc1c(cnc(n1)Nc2cc(c(cc2OC)C(=O)N3CCOCC3)F)C(F)(F)F,4.0,1.0,0.0,0.0,0.0,0.0,5.0,8.513,8.201,7.999,7.999,7.427,4.994,4.774
243,Regorafenib.mol,Regorafenib,CNC(=O)c1cc(ccn1)Oc2ccc(c(c2)F)NC(=O)Nc3ccc(c(c3)C(F)(F)F)Cl,4.0,2.0,0.0,0.0,0.0,0.0,6.0,8.513,8.201,7.999,7.999,7.432,7.428,4.954
244,Remikiren.mol,Remikiren,CC(C)(C)S(=O)(=O)C[C@H](Cc1ccccc1)C(=O)N[C@@H](Cc2cnc[nH]2)C(=O)N[C@H](CC3CCCCC3)[C@@H]([C@@H](C4CC4)O)O,0.0,2.0,0.0,1.0,0.0,0.0,4.0,7.713,7.433,7.423,6.999,6.493,6.4,4.991
245,Riluzole.mol,Riluzole,c1cc2c(cc1OC(F)(F)F)sc(n2)N,3.0,0.0,0.0,0.0,0.0,0.0,3.0,8.516,7.999,7.999,5.183,4.782,4.321,3.758
246,Risperidone.mol,Risperidone,Cc1c(c(=O)n2c(n1)CCCC2)CCN3CCC(CC3)c4c5ccc(cc5on4)F,1.0,1.0,0.0,0.0,0.0,0.0,2.0,8.201,7.428,5.246,4.718,4.318,4.309,4.115
247,Rocilinostat.mol,Rocilinostat,c1ccc(cc1)N(c2ccccc2)c3ncc(cn3)C(=O)NCCCCCCC(=O)NO,0.0,2.0,0.0,0.0,0.0,0.0,2.0,7.433,7.428,6.493,4.997,4.763,4.688,4.22
248,Roflumilast.mol,Roflumilast,c1cc(c(cc1C(=O)Nc2c(cncc2Cl)Cl)OCC3CC3)OC(F)F,2.0,1.0,0.0,0.0,0.0,0.0,3.0,8.365,7.999,7.429,5.083,4.868,4.632,4.418
249,SB-431542.mol,SB-431542,c1ccnc(c1)c2c(nc([nH]2)c3ccc(cc3)C(=O)N)c4ccc5c(c4)OCO5,0.0,1.0,0.0,0.0,0.0,0.0,1.0,7.437,5.077,4.958,4.896,4.793,4.566,4.262
250,SB705498.mol,SB705498,c1ccc(c(c1)NC(=O)N[C@@H]2CCN(C2)c3ccc(cn3)C(F)(F)F)Br,3.0,1.0,0.0,0.0,0.0,0.0,4.0,8.513,7.999,7.999,7.431,4.856,4.762,4.313
251,SGI-1027.mol,SGI-1027,Cc1cc(nc(n1)N)Nc2ccc(cc2)NC(=O)c3ccc(cc3)Nc4ccnc5c4cccc5,0.0,1.0,0.0,0.0,0.0,0.0,1.0,7.429,5.228,5.008,4.79,4.709,4.593,4.394
252,SU11274.mol,SU11274,Cc1c([nH]c(c1C(=O)N2CCN(CC2)C)C)/C=C\3/c4cc(ccc4NC3=O)S(=O)(=O)[N@@](C)c5cccc(c5)Cl,0.0,2.0,0.0,1.0,0.0,0.0,4.0,7.715,7.431,7.426,6.999,4.941,4.823,4.68
253,Safinamide.mol,Safinamide,C[C@@H](C(=O)N)NCc1ccc(cc1)OCc2cccc(c2)F,1.0,1.0,0.0,0.0,0.0,0.0,2.0,8.201,7.436,4.892,4.859,4.627,4.328,4.12
254,Saprisartan.mol,Saprisartan,CCc1nc(c(n1Cc2ccc3c(c2)c(c(o3)c4ccccc4NS(=O)(=O)C(F)(F)F)Br)C(=O)N)C5CC5,3.0,1.0,0.0,1.0,0.0,0.0,6.0,8.518,7.999,7.999,7.703,7.437,6.999,5.131
255,Sertraline.mol,Sertraline,CN[C@H]1CC[C@H](c2c1cccc2)c3ccc(c(c3)Cl)Cl,0.0,0.0,0.0,0.0,0.0,0.0,0.0,5.042,4.747,4.491,4.301,4.248,3.865,3.657
256,Sitagliptin.mol,Sitagliptin,c1c(c(cc(c1F)F)F)C[C@H](CC(=O)N2CCn3c(nnc3C(F)(F)F)C2)N,6.0,1.0,0.0,0.0,0.0,0.0,7.0,8.513,8.242,8.199,8.161,7.999,7.999,7.427
257,Sonolisib.mol,Sonolisib,CC(=O)O[C@@H]1C[C@]2([C@@H](CCC2=O)C3=C1[C@]4([C@H](OC(=O)/C(=C/N(CC=C)CC=C)/C4=C(C3=O)O)COC)C)C,0.0,4.0,0.0,0.0,0.0,0.0,4.0,7.438,7.431,7.428,7.424,6.459,4.771,4.693
258,Sorafenib.mol,Sorafenib,CNC(=O)c1cc(ccn1)Oc2ccc(cc2)NC(=O)Nc3ccc(c(c3)C(F)(F)F)Cl,3.0,2.0,0.0,0.0,0.0,0.0,5.0,8.513,7.999,7.999,7.432,7.428,4.97,4.902
259,Sotradecol.mol,Sotradecol,CCCC[C@@H](CC)CC[C@@H](CC(C)C)OS(=O)(=O)[O-],0.0,0.0,0.0,1.0,0.0,0.0,2.0,7.866,6.999,6.999,4.428,4.233,4.121,4.045
260,Staurosporine.mol,Staurosporine,C[C@@]12[C@@H]([C@@H](C[C@@H](O1)n3c4ccccc4c5c3c6n2c7ccccc7c6c8c5C(=O)NC8)NC)OC,0.0,1.0,0.0,0.0,0.0,0.0,1.0,7.429,5.093,4.812,4.7,4.465,4.409,4.253
261,Sufentanil.mol,Sufentanil,CCC(=O)N(c1ccccc1)C2(CCN(CC2)CCc3cccs3)COC,0.0,1.0,0.0,0.0,0.0,0.0,1.0,7.427,4.768,4.672,4.626,4.287,4.011,3.857
262,Sulfadiazine.mol,Sulfadiazine,c1cnc(nc1)NS(=O)(=O)c2ccc(cc2)N,0.0,0.0,0.0,1.0,0.0,0.0,2.0,7.717,6.999,5.109,5.005,4.441,3.962,3.885
263,Sulfadimethoxine.mol,Sulfadimethoxine,COc1cc(nc(n1)OC)NS(=O)(=O)c2ccc(cc2)N,0.0,0.0,0.0,1.0,0.0,0.0,2.0,7.717,6.999,5.115,5.09,4.596,4.445,4.32
264,Sulfamoxole.mol,Sulfamoxole,Cc1c(oc(n1)NS(=O)(=O)c2ccc(cc2)N)C,0.0,0.0,0.0,1.0,0.0,0.0,2.0,7.717,6.999,5.137,5.103,4.441,3.961,3.885
265,Sulfaphenazole.mol,Sulfaphenazole,c1ccc(cc1)n2c(ccn2)NS(=O)(=O)c3ccc(cc3)N,0.0,0.0,0.0,1.0,0.0,0.0,2.0,7.717,6.999,5.109,4.99,4.658,4.441,3.771
266,Sulfapyridine.mol,Sulfapyridine,c1ccnc(c1)NS(=O)(=O)c2ccc(cc2)N,0.0,0.0,0.0,1.0,0.0,0.0,2.0,7.717,6.999,5.108,4.898,4.441,3.893,3.792
267,Sulfasalazine.mol,Sulfasalazine,c1ccnc(c1)NS(=O)(=O)c2ccc(cc2)/N=N/c3ccc(c(c3)C(=O)O)O,0.0,1.0,0.0,1.0,0.0,0.0,3.0,7.717,7.475,6.999,6.469,6.35,4.999,4.897
268,Sulfinpyrazone.mol,Sulfinpyrazone,c1ccc(cc1)N2C(=O)C(C(=O)N2c3ccccc3)CCS(=O)c4ccccc4,0.0,2.0,2.0,0.0,0.0,0.0,4.0,7.444,7.409,7.396,4.794,4.72,4.718,4.051
269,Sulfisoxazole.mol,Sulfisoxazole,Cc1c(noc1NS(=O)(=O)c2ccc(cc2)N)C,0.0,0.0,0.0,1.0,0.0,0.0,2.0,7.717,6.999,5.206,5.106,4.442,3.966,3.87
270,Sulindac.mol,Sulindac,CC\1=C(c2cc(ccc2/C1=C\c3ccc(cc3)S(=O)C)F)CC(=O)O,1.0,1.0,2.0,0.0,0.0,0.0,4.0,8.201,7.474,7.398,6.351,4.806,4.639,4.186
271,Suprofen.mol,Suprofen,C[C@H](c1ccc(cc1)C(=O)c2cccs2)C(=O)O,0.0,2.0,0.0,0.0,0.0,0.0,2.0,7.474,7.427,6.351,4.711,4.612,3.934,3.674
272,Suramin.mol,Suramin,Cc1ccc(cc1NC(=O)c2cccc(c2)NC(=O)Nc3cccc(c3)C(=O)Nc4cc(ccc4C)C(=O)Nc5ccc(c6c5c(cc(c6)S(=O)(=O)O)S(=O)(=O)O)S(=O)(=O)O)C(=O)Nc7ccc(c8c7c(cc(c8)S(=O)(=O)O)S(=O)(=O)O)S(=O)(=O)O,0.0,5.0,0.0,6.0,0.0,0.0,17.0,7.784,7.759,7.758,7.758,7.757,7.757,7.437
273,Suvorexant.mol,Suvorexant,Cc1ccc(c(c1)C(=O)N2CCN(CC[C@H]2C)c3nc4cc(ccc4o3)Cl)n5nccn5,0.0,1.0,0.0,0.0,0.0,0.0,1.0,7.427,5.227,5.105,4.779,4.631,4.305,4.021
274,TAE226.mol,TAE226,CNC(=O)c1ccccc1Nc2c(cnc(n2)Nc3ccc(cc3OC)N4CCOCC4)Cl,0.0,1.0,0.0,0.0,0.0,0.0,1.0,7.429,5.102,4.856,4.717,4.615,4.506,4.357
275,TAK-441.mol,TAK-441,CCc1cc2c(c(c(n2C)C(=O)NC3CCN(CC3)C(=O)CO)OCC(F)(F)F)c(=O)n1CC(=O)c4ccccc4,3.0,4.0,0.0,0.0,0.0,0.0,7.0,8.513,7.999,7.999,7.436,7.427,7.427,7.422
276,TAK-632.mol,TAK-632,c1cc(cc(c1)C(F)(F)F)CC(=O)Nc2cc(ccc2F)Oc3ccc4c(c3C#N)sc(n4)NC(=O)C5CC5,4.0,2.0,0.0,0.0,0.0,0.0,6.0,8.513,8.201,7.999,7.999,7.43,7.426,6.82
277,TALAZOPARIB.mol,TALAZOPARIB,Cn1c(ncn1)[C@H]2c3c4c(cc(cc4N[C@@H]2c5ccc(cc5)F)F)c(=O)[nH]n3,2.0,1.0,0.0,0.0,0.0,0.0,3.0,8.203,8.2,7.429,5.069,4.794,4.612,4.356
278,TCS ERK 11e.mol,TCS ERK 11e,Cc1cnc(nc1c2cc([nH]c2)C(=O)N[C@H](CO)c3cccc(c3)Cl)Nc4ccc(cc4Cl)F,1.0,1.0,0.0,0.0,0.0,0.0,2.0,8.201,7.429,6.456,5.038,4.934,4.868,4.727
279,TW-37.mol,TW-37,CC(C)c1ccccc1Cc2cc(c(c(c2O)O)O)C(=O)Nc3ccc(cc3)S(=O)(=O)c4ccccc4C(C)(C)C,0.0,1.0,0.0,1.0,0.0,0.0,3.0,7.715,7.429,6.999,6.56,6.445,6.383,4.759
280,Tacrolimus.mol,Tacrolimus,C[C@@H]1C[C@@H]([C@@H]2[C@H](C[C@H]([C@@](O2)(C(=O)C(=O)N3CCCC[C@H]3C(=O)O[C@@H]([C@@H]([C@H](CC(=O)[C@@H](/C=C(/C1)\C)CC=C)O)C)/C(=C/[C@@H]4CC[C@H]([C@@H](C4)OC)O)/C)O)C)OC)OC,0.0,4.0,0.0,0.0,0.0,0.0,4.0,7.498,7.432,7.425,7.352,6.453,6.446,6.444
281,Tadalafil.mol,Tadalafil,CN1CC(=O)N2[C@@H](C1=O)Cc3c4ccccc4[nH]c3[C@H]2c5ccc6c(c5)OCO6,0.0,2.0,0.0,0.0,0.0,0.0,2.0,7.434,7.42,5.018,4.937,4.405,4.236,4.145
282,Tafluprost.mol,Tafluprost,CC(C)OC(=O)CCC/C=C\C[C@H]1[C@H](C[C@H]([C@@H]1/C=C/C(COc2ccccc2)(F)F)O)O,2.0,1.0,0.0,0.0,0.0,0.0,3.0,8.358,7.999,7.432,6.464,6.434,4.855,4.512
283,Talmapimod.mol,Talmapimod,C[C@@H]1C[N@@]([C@H](CN1C(=O)c2cc3c(cc2Cl)n(cc3C(=O)C(=O)N(C)C)C)C)Cc4ccc(cc4)F,1.0,3.0,0.0,0.0,0.0,0.0,4.0,8.201,7.497,7.427,7.352,4.975,4.649,4.606
284,Tamibarotene.mol,Tamibarotene,CC1(CCC(c2c1ccc(c2)NC(=O)c3ccc(cc3)C(=O)O)(C)C)C,0.0,2.0,0.0,0.0,0.0,0.0,2.0,7.475,7.429,6.351,4.764,4.65,4.267,4.113
285,Tamoxifen.mol,Tamoxifen,CCC(=C(c1ccccc1)c2ccc(cc2)OCCN(C)C)c3ccccc3,0.0,0.0,0.0,0.0,0.0,0.0,0.0,4.894,4.765,4.712,4.399,4.233,4.096,3.763
286,Tamsulosin.mol,Tamsulosin,CCOc1ccccc1OCCN[C@H](C)Cc2ccc(c(c2)S(=O)(=O)N)OC,0.0,0.0,0.0,1.0,0.0,0.0,2.0,7.726,6.999,4.925,4.858,4.77,4.476,4.396
287,Tanespimycin.mol,Tanespimycin,C[C@H]1C[C@@H]([C@@H]([C@H](/C=C(/[C@@H]([C@H](/C=C\C=C(\C(=O)NC2=CC(=O)C(=C(C1)C2=O)NCC=C)/C)OC)OC(=O)N)\C)C)O)OC,0.0,4.0,0.0,0.0,0.0,0.0,4.0,7.445,7.438,7.427,7.418,6.449,4.925,4.74
288,Tapentadol.mol,Tapentadol,CC[C@@H](c1cccc(c1)O)[C@@H](C)CN(C)C,0.0,0.0,0.0,0.0,0.0,0.0,0.0,6.471,4.634,4.344,4.104,3.876,3.601,3.467
289,Tariquidar.mol,Tariquidar,COc1cc2c(cc1OC)C[N@@](CC2)CCc3ccc(cc3)NC(=O)c4cc(c(cc4NC(=O)c5cc6ccccc6nc5)OC)OC,0.0,2.0,0.0,0.0,0.0,0.0,2.0,7.432,7.426,4.992,4.927,4.904,4.741,4.496
290,Taselisib.mol,Taselisib,Cc1nc(n(n1)C(C)C)c2cn3c(n2)-c4ccc(cc4OCC3)c5cnn(c5)C(C)(C)C(=O)N,0.0,1.0,0.0,0.0,0.0,0.0,1.0,7.436,5.101,4.979,4.887,4.844,4.613,4.301
291,Tasimelteon.mol,Tasimelteon,CC/C(=N/C[C@@H]1C[C@H]1c2cccc3c2CCO3)/O,0.0,0.0,0.0,0.0,0.0,0.0,0.0,6.475,4.871,4.463,4.291,4.077,3.846,3.547
292,Tasosartan.mol,Tasosartan,Cc1c2c(nc(n1)C)N(C(=O)CC2)Cc3ccc(cc3)c4ccccc4c5n[nH]nn5,0.0,1.0,0.0,0.0,0.0,0.0,1.0,7.427,5.269,4.952,4.792,4.58,4.096,4.053
293,Tavaborole.mol,Tavaborole,B1(c2ccc(cc2CO1)F)O,1.0,0.0,0.0,0.0,0.0,0.0,1.0,8.201,6.446,4.69,4.216,3.582,3.129,2.616
294,Tazarotene.mol,Tazarotene,CCOC(=O)c1ccc(nc1)C#Cc2ccc3c(c2)C(CCS3)(C)C,0.0,1.0,0.0,0.0,0.0,0.0,1.0,7.433,4.995,4.73,4.475,4.371,4.126,3.813
295,Tedizolid Phosphate.mol,Tedizolid Phosphate,Cn1nc(nn1)c2ccc(cn2)c3ccc(cc3F)N4C[C@@H](OC4=O)COP(=O)(O)O,1.0,1.0,0.0,0.0,0.0,0.0,2.0,8.201,7.475,7.433,6.437,6.23,5.216,4.832
296,Tegafur.mol,Tegafur,c1c(c(=O)[nH]c(=O)n1[C@H]2CCCO2)F,1.0,2.0,0.0,0.0,0.0,0.0,3.0,8.203,7.445,7.409,4.647,4.098,3.551,3.483
297,Telaprevir.mol,Telaprevir,CCC[C@@H](C(=O)C(=O)NC1CC1)NC(=O)[C@@H]2[C@H]3CCC[C@H]3CN2C(=O)[C@H](C(C)(C)C)NC(=O)[C@H](C4CCCCC4)NC(=O)c5cnccn5,0.0,6.0,0.0,0.0,0.0,0.0,6.0,7.498,7.438,7.428,7.425,7.421,7.352,4.975
298,Telavancin.mol,Telavancin,CCCCCCCCCCNCCN[C@]1(C[C@@H](O[C@H]([C@H]1O)C)O[C@@H]2[C@H]([C@@H]([C@H](O[C@H]2Oc3c4cc5cc3Oc6ccc(cc6Cl)[C@H]([C@H](C(=O)N[C@H](C(=O)N[C@H]5C(=O)N[C@@H]7c8ccc(c(c8)-c9c(cc(c(c9O)CNCP(=O)(O)O)O)[C@H](NC(=O)[C@H]([C@@H](c1ccc(c(c1)Cl)O4)O)NC7=O)C(=O)O)O)CC(=O)N)NC(=O)[C@@H](CC(C)C)NC)O)CO)O)O)C,0.0,8.0,0.0,0.0,0.0,0.0,8.0,7.479,7.467,7.444,7.433,7.43,7.427,7.425
299,Telithromycin.mol,Telithromycin,CC[C@H]1[C@]2([C@@H]([C@H](C(=O)[C@@H](C[C@@]([C@@H]([C@H](C(=O)[C@H](C(=O)O1)C)C)O[C@H]3[C@@H]([C@H](C[C@H](O3)C)N(C)C)O)(C)OC)C)C)N(C(=O)O2)CCCCn4cc(nc4)c5cccnc5)C,0.0,4.0,0.0,0.0,0.0,0.0,4.0,7.445,7.433,7.424,7.413,6.449,5.005,4.782
300,Telmisartan.mol,Telmisartan,CCCc1nc2c(cc(cc2n1Cc3ccc(cc3)c4ccccc4C(=O)O)c5nc6ccccc6n5C)C,0.0,1.0,0.0,0.0,0.0,0.0,1.0,7.475,6.351,5.075,4.943,4.793,4.576,4.398
301,Temazepam.mol,Temazepam,CN1c2ccc(cc2C(=N[C@@H](C1=O)O)c3ccccc3)Cl,0.0,1.0,0.0,0.0,0.0,0.0,1.0,7.429,6.448,4.955,4.771,4.441,4.185,3.888
302,Temsirolimus.mol,Temsirolimus,C[C@@H]1CC[C@@H]2C[C@@H](/C(=C/C=C/C=C/[C@H](C[C@H](C(=O)[C@@H]([C@@H](/C(=C/[C@H](C(=O)C[C@H](OC(=O)[C@@H]3CCCCN3C(=O)C(=O)[C@@]1(O2)O)[C@H](C)C[C@@H]4CC[C@H]([C@@H](C4)OC)OC(=O)C(C)(CO)CO)C)/C)O)OC)C)C)/C)OC,0.0,6.0,0.0,0.0,0.0,0.0,6.0,7.498,7.436,7.43,7.425,7.424,7.352,6.469
303,Teniposide.mol,Teniposide,COc1cc(cc(c1O)OC)[C@@H]2c3cc4c(cc3[C@H]([C@@H]5[C@@H]2C(=O)OC5)O[C@H]6[C@@H]([C@H]([C@H]7[C@H](O6)CO[C@@H](O7)c8cccs8)O)O)OCO4,0.0,1.0,0.0,0.0,0.0,0.0,1.0,7.432,6.494,6.468,6.401,5.011,4.876,4.819
304,Tenovin-1.mol,Tenovin-1,CC(=O)Nc1ccc(cc1)NC(=S)NC(=O)c2ccc(cc2)C(C)(C)C,0.0,2.0,0.0,0.0,0.0,0.0,2.0,7.432,7.428,4.897,4.714,4.674,4.216,3.998
305,Tenoxicam.mol,Tenoxicam,C[N@]1/C(=C(/Nc2ccccn2)\O)/C(=O)c3c(ccs3)S1(=O)=O,0.0,1.0,0.0,1.0,0.0,0.0,3.0,7.715,7.427,6.999,6.468,4.906,4.559,4.143
306,Terazosin.mol,Terazosin,COc1cc2c(cc1OC)nc(nc2N)N3CCN(CC3)C(=O)[C@H]4CCCO4,0.0,1.0,0.0,0.0,0.0,0.0,1.0,7.427,5.222,4.889,4.661,4.604,4.494,4.26
307,Terbinafine.mol,Terbinafine,CC(C)(C)C#C/C=C/C[N@@](C)Cc1cccc2c1cccc2,0.0,0.0,0.0,0.0,0.0,0.0,0.0,4.901,4.821,4.368,4.286,4.116,3.832,3.724
308,Terconazole.mol,Terconazole,CC(C)N1CCN(CC1)c2ccc(cc2)OC[C@H]3CO[C@](O3)(Cn4cncn4)c5ccc(cc5Cl)Cl,0.0,0.0,0.0,0.0,0.0,0.0,0.0,5.104,5.021,4.871,4.761,4.612,4.421,4.264
309,Thalidomide.mol,Thalidomide,c1ccc2c(c1)C(=O)N(C2=O)[C@H]3CCC(=O)NC3=O,0.0,4.0,0.0,0.0,0.0,0.0,4.0,7.453,7.44,7.41,7.408,4.687,4.105,3.696
310,Thiabendazole.mol,Thiabendazole,c1ccc2c(c1)[nH]c(n2)c3cscn3,0.0,0.0,0.0,0.0,0.0,0.0,0.0,5.1,4.773,4.289,3.852,3.35,3.172,3.148
311,Thiamylal.mol,Thiamylal,CCC[C@H](C)C1(C(=O)NC(=S)NC1=O)CC=C,0.0,2.0,0.0,0.0,0.0,0.0,2.0,7.443,7.413,4.826,4.703,4.215,3.919,3.63
312,Thiazovivin.mol,Thiazovivin,c1ccc(cc1)CNC(=O)c2csc(n2)Nc3ccncn3,0.0,1.0,0.0,0.0,0.0,0.0,1.0,7.429,5.036,4.784,4.747,4.069,3.996,3.798
313,Thiopental.mol,Thiopental,CCC[C@H](C)C1(C(=O)NC(=S)NC1=O)CC,0.0,2.0,0.0,0.0,0.0,0.0,2.0,7.443,7.413,4.824,4.251,4.028,3.846,3.577
314,Thioproperazine.mol,Thioproperazine,CN1CCN(CC1)CCCN2c3ccccc3Sc4c2cc(cc4)S(=O)(=O)N(C)C,0.0,0.0,0.0,1.0,0.0,0.0,2.0,7.715,6.999,4.804,4.569,4.406,4.173,4.08
315,Thioridazine.mol,Thioridazine,C[N@@]1CCCC[C@H]1CCN2c3ccccc3Sc4c2cc(cc4)SC,0.0,0.0,0.0,0.0,0.0,0.0,0.0,4.813,4.594,4.375,4.019,3.887,3.805,3.662
316,Thiothixene.mol,Thiothixene,CN1CCN(CC1)CC/C=C\2/c3ccccc3Sc4c2cc(cc4)S(=O)(=O)N(C)C,0.0,0.0,0.0,1.0,0.0,0.0,2.0,7.715,6.999,4.819,4.57,4.409,4.194,4.161
317,Thymol.mol,Thymol,Cc1ccc(c(c1)O)C(C)C,0.0,0.0,0.0,0.0,0.0,0.0,0.0,6.469,4.634,4.158,3.736,3.467,3.416,2.982
318,Tiagabine.mol,Tiagabine,Cc1ccsc1C(=CCC[N@@]2CCC[C@H](C2)C(=O)O)c3c(ccs3)C,0.0,1.0,0.0,0.0,0.0,0.0,1.0,7.474,6.351,4.758,4.583,4.324,4.094,3.702
319,Tiaprofenic acid.mol,Tiaprofenic acid,C[C@H](c1ccc(s1)C(=O)c2ccccc2)C(=O)O,0.0,2.0,0.0,0.0,0.0,0.0,2.0,7.474,7.427,6.351,4.735,4.587,3.892,3.674
320,Ticagrelor.mol,Ticagrelor,CCCSc1nc(c2c(n1)n(nn2)[C@@H]3C[C@@H]([C@H]([C@H]3O)O)OCCO)N[C@@H]4C[C@H]4c5ccc(c(c5)F)F,2.0,0.0,0.0,0.0,0.0,0.0,2.0,8.24,8.161,6.494,6.456,6.4,5.212,4.646
321,Tioconazole.mol,Tioconazole,c1cc(c(cc1Cl)Cl)[C@@H](Cn2ccnc2)OCc3ccsc3Cl,0.0,0.0,0.0,0.0,0.0,0.0,0.0,5.032,4.947,4.9,4.636,4.486,4.187,4.034
322,Tipranavir.mol,Tipranavir,CCC[C@]1(CC(=C(C(=O)O1)[C@H](CC)c2cccc(c2)NS(=O)(=O)c3ccc(cn3)C(F)(F)F)O)CCc4ccccc4,3.0,1.0,0.0,1.0,0.0,0.0,6.0,8.513,7.999,7.999,7.717,7.433,6.999,6.465
323,Tivantinib.mol,Tivantinib,c1ccc2c(c1)c(c[nH]2)[C@H]3[C@@H](C(=O)NC3=O)c4cn5c6c4cccc6CCC5,0.0,2.0,0.0,0.0,0.0,0.0,2.0,7.448,7.408,4.974,4.898,4.312,4.251,4.055
324,Tizanidine.mol,Tizanidine,c1cc(c(c2c1nsn2)NC3=NCCN3)Cl,0.0,0.0,0.0,0.0,0.0,0.0,0.0,5.106,4.765,4.692,3.983,3.872,3.531,3.433
325,Tofisopam.mol,Tofisopam,CC[C@@H]1c2cc(c(cc2C(=NN=C1C)c3ccc(c(c3)OC)OC)OC)OC,0.0,0.0,0.0,0.0,0.0,0.0,0.0,5.032,4.895,4.799,4.497,4.495,4.31,4.192
326,Tolazamide.mol,Tolazamide,Cc1ccc(cc1)S(=O)(=O)NC(=O)NN2CCCCCC2,0.0,1.0,0.0,1.0,0.0,0.0,3.0,7.718,7.429,6.999,4.705,4.371,3.954,3.828
327,Tolbutamide.mol,Tolbutamide,CCCCNC(=O)NS(=O)(=O)c1ccc(cc1)C,0.0,1.0,0.0,1.0,0.0,0.0,3.0,7.718,7.429,6.999,4.704,4.241,3.954,3.828
328,Tolcapone.mol,Tolcapone,Cc1ccc(cc1)C(=O)c2cc(c(c(c2)O)O)[N+](=O)[O-],0.0,1.0,0.0,0.0,0.0,1.0,3.0,7.815,7.427,6.999,6.528,6.401,4.717,4.392
329,Tolfenamic Acid.mol,Tolfenamic Acid,Cc1c(cccc1Cl)Nc2ccccc2C(=O)O,0.0,1.0,0.0,0.0,0.0,0.0,1.0,7.475,6.351,4.943,4.713,4.353,3.956,3.801
330,Tolmetin.mol,Tolmetin,Cc1ccc(cc1)C(=O)c2ccc(n2C)CC(=O)O,0.0,2.0,0.0,0.0,0.0,0.0,2.0,7.474,7.427,6.351,4.755,4.674,3.844,3.783
331,Tolnaftate.mol,Tolnaftate,Cc1cccc(c1)N(C)C(=S)Oc2ccc3ccccc3c2,0.0,0.0,0.0,0.0,0.0,0.0,0.0,5.038,4.832,4.704,4.336,3.967,3.898,3.843
332,Tolterodine.mol,Tolterodine,Cc1ccc(c(c1)[C@H](CCN(C(C)C)C(C)C)c2ccccc2)O,0.0,0.0,0.0,0.0,0.0,0.0,0.0,6.469,4.767,4.601,4.387,4.048,3.963,3.732
333,Tolvaptan.mol,Tolvaptan,Cc1ccccc1C(=O)Nc2ccc(c(c2)C)C(=O)N3CCC[C@H](c4c3ccc(c4)Cl)O,0.0,2.0,0.0,0.0,0.0,0.0,2.0,7.431,7.426,6.45,4.923,4.743,4.683,4.339
334,Torcetrapib.mol,Torcetrapib,CC[C@@H]1C[C@@H](c2cc(ccc2N1C(=O)OCC)C(F)(F)F)N(Cc3cc(cc(c3)C(F)(F)F)C(F)(F)F)C(=O)OC,9.0,2.0,0.0,0.0,0.0,0.0,11.0,8.522,8.509,8.509,7.999,7.999,7.999,7.999
335,Toremifene.mol,Toremifene,CN(C)CCOc1ccc(cc1)C(=C(CCCl)c2ccccc2)c3ccccc3,0.0,0.0,0.0,0.0,0.0,0.0,0.0,4.898,4.771,4.714,4.68,4.396,4.212,3.97
336,Torin 1.mol,Torin 1,CCC(=O)N1CCN(CC1)c2ccc(cc2C(F)(F)F)n3c(=O)ccc4c3c5cc(ccc5nc4)c6cc7ccccc7nc6,3.0,2.0,0.0,0.0,0.0,0.0,5.0,8.513,7.999,7.999,7.43,7.426,5.041,4.934
337,Torin 2.mol,Torin 2,c1cc(cc(c1)n2c(=O)ccc3c2c4cc(ccc4nc3)c5ccc(nc5)N)C(F)(F)F,3.0,1.0,0.0,0.0,0.0,0.0,4.0,8.513,7.999,7.999,7.429,5.178,4.982,4.688
338,Torkinib.mol,Torkinib,CC(C)n1c2c(c(n1)c3cc4cc(ccc4[nH]3)O)c(ncn2)N,0.0,0.0,0.0,0.0,0.0,0.0,0.0,6.471,5.26,4.947,4.811,4.494,4.14,3.985
339,Trabectedin.mol,Trabectedin,Cc1cc2c(c(c1OC)O)[C@@H]3[C@@H]4[C@H]5c6c(c7c(c(c6OC(=O)C)C)OCO7)[C@@H]([N@]4[C@H]([C@H](C2)[N@@]3C)O)COC(=O)[C@@]8(CS5)c9cc(c(cc9CCN8)O)OC,0.0,2.0,0.0,0.0,0.0,0.0,2.0,7.435,7.43,6.473,6.466,6.449,4.997,4.781
340,Trametinib.mol,Trametinib,Cc1c2c(c(n(c1=O)C)Nc3ccc(cc3F)I)c(=O)n(c(=O)n2c4cccc(c4)NC(=O)C)C5CC5,1.0,4.0,0.0,0.0,0.0,0.0,5.0,8.201,7.446,7.43,7.426,7.411,4.767,4.668
341,Trandolapril.mol,Trandolapril,CCOC(=O)[C@H](CCc1ccccc1)N[C@@H](C)C(=O)N2[C@H]3CCCC[C@@H]3C[C@H]2C(=O)O,0.0,3.0,0.0,0.0,0.0,0.0,3.0,7.474,7.432,7.425,6.351,4.753,4.481,4.359
342,Travoprost.mol,Travoprost,CC(C)OC(=O)CCC/C=C\C[C@H]1[C@H](C[C@H]([C@@H]1/C=C/[C@H](COc2cccc(c2)C(F)(F)F)O)O)O,3.0,1.0,0.0,0.0,0.0,0.0,4.0,8.513,7.999,7.999,7.434,7.248,7.236,7.223
343,Trazodone.mol,Trazodone,c1ccn2c(c1)nn(c2=O)CCCN3CCN(CC3)c4cccc(c4)Cl,0.0,1.0,0.0,0.0,0.0,0.0,1.0,7.428,4.943,4.809,4.424,4.294,4.226,3.908
344,Treprostinil.mol,Treprostinil,CCCCC[C@@H](CC[C@@H]1[C@H]2Cc3cccc(c3C[C@H]2C[C@H]1O)OCC(=O)O)O,0.0,1.0,0.0,0.0,0.0,0.0,1.0,7.474,6.452,6.446,6.351,4.82,4.324,4.195
345,Tretinoin.mol,Tretinoin,CC1=C(C(CCC1)(C)C)/C=C/C(=C/C=C/C(=C/C(=O)O)/C)/C,0.0,1.0,0.0,0.0,0.0,0.0,1.0,7.476,6.351,4.679,4.51,4.302,4.005,3.912
346,Triazolam.mol,Triazolam,Cc1nnc2n1-c3ccc(cc3C(=NC2)c4ccccc4Cl)Cl,0.0,0.0,0.0,0.0,0.0,0.0,0.0,5.113,4.945,4.882,4.488,4.324,4.181,3.804
347,Triclosan.mol,Triclosan,c1cc(c(cc1Cl)O)Oc2ccc(cc2Cl)Cl,0.0,0.0,0.0,0.0,0.0,0.0,0.0,6.47,5.062,4.892,4.657,4.476,4.067,3.751
348,Trifluoperazine.mol,Trifluoperazine,CN1CCN(CC1)CCCN2c3ccccc3Sc4c2cc(cc4)C(F)(F)F,3.0,0.0,0.0,0.0,0.0,0.0,3.0,8.513,7.999,7.999,4.804,4.571,4.406,4.081
349,Triflupromazine.mol,Triflupromazine,CN(C)CCCN1c2ccccc2Sc3c1cc(cc3)C(F)(F)F,3.0,0.0,0.0,0.0,0.0,0.0,3.0,8.513,7.999,7.999,4.804,4.571,4.331,3.998
350,Trimethaphan.mol,Trimethaphan,c1ccc(cc1)CN2[C@@H]3C[S@@+]4CCC[C@@H]4[C@@H]3N(C2=O)Cc5ccccc5,0.0,1.0,0.0,0.0,0.0,0.0,1.0,7.428,4.77,4.739,4.37,4.01,3.829,3.674
351,Trimethobenzamide.mol,Trimethobenzamide,CN(C)CCOc1ccc(cc1)CNC(=O)c2cc(c(c(c2)OC)OC)OC,0.0,1.0,0.0,0.0,0.0,0.0,1.0,7.429,4.967,4.847,4.58,4.462,4.405,4.23
352,Trimethoprim.mol,Trimethoprim,COc1cc(cc(c1OC)OC)Cc2cnc(nc2N)N,0.0,0.0,0.0,0.0,0.0,0.0,0.0,5.291,4.983,4.964,4.58,4.473,4.444,4.182
353,Trimetrexate.mol,Trimetrexate,Cc1c(ccc2c1c(nc(n2)N)N)CNc3cc(c(c(c3)OC)OC)OC,0.0,0.0,0.0,0.0,0.0,0.0,0.0,5.306,4.984,4.978,4.689,4.58,4.471,4.335
354,Trimipramine.mol,Trimipramine,C[C@@H](CN1c2ccccc2CCc3c1cccc3)CN(C)C,0.0,0.0,0.0,0.0,0.0,0.0,0.0,4.817,4.642,4.353,4.068,3.929,3.801,3.618
355,Trioxsalen.mol,Trioxsalen,Cc1cc(=O)oc2c1cc3cc(oc3c2C)C,0.0,1.0,0.0,0.0,0.0,0.0,1.0,7.434,5.126,4.631,4.132,3.964,3.851,3.633
356,Tripelennamine.mol,Tripelennamine,CN(C)CCN(Cc1ccccc1)c2ccccn2,0.0,0.0,0.0,0.0,0.0,0.0,0.0,4.902,4.743,4.331,4.016,3.823,3.674,3.623
357,Triprolidine.mol,Triprolidine,Cc1ccc(cc1)/C(=C\CN2CCCC2)/c3ccccn3,0.0,0.0,0.0,0.0,0.0,0.0,0.0,4.924,4.719,4.368,4.108,3.826,3.76,3.674
358,Troleandomycin.mol,Troleandomycin,C[C@@H]1C[C@@H]([C@H]([C@@H](O1)O[C@H]2[C@H](C[C@]3(CO3)C(=O)[C@@H]([C@H]([C@H]([C@H](OC(=O)[C@@H]([C@H]([C@@H]2C)O[C@H]4C[C@@H]([C@H]([C@@H](O4)C)OC(=O)C)OC)C)C)C)OC(=O)C)C)C)OC(=O)C)N(C)C,0.0,5.0,0.0,0.0,0.0,0.0,5.0,7.441,7.431,7.431,7.43,7.424,4.856,4.783
359,Trovafloxacin.mol,Trovafloxacin,c1cc(c(cc1F)F)n2cc(c(=O)c3c2nc(c(c3)F)N4C[C@@H]5[C@H](C4)[C@H]5N)C(=O)O,3.0,2.0,0.0,0.0,0.0,0.0,5.0,8.212,8.201,8.192,7.611,7.425,6.999,6.299
360,Tubacin.mol,Tubacin,c1ccc(cc1)c2c(oc(n2)SC[C@H]3C[C@H](O[C@H](O3)c4ccc(cc4)NC(=O)CCCCCCC(=O)NO)c5ccc(cc5)CO)c6ccccc6,0.0,2.0,0.0,0.0,0.0,0.0,2.0,7.432,7.427,6.494,6.457,5.139,4.886,4.721
361,Tubocurarine.mol,Tubocurarine,C[N@@]1CCc2cc(c3cc2[C@@H]1Cc4ccc(cc4)Oc5c6c(cc(c5O)OC)CC[N+]([C@@H]6Cc7ccc(c(c7)O3)O)(C)C)OC,0.0,0.0,0.0,0.0,0.0,0.0,0.0,6.472,6.466,4.949,4.877,4.72,4.642,4.473
362,Tymazoline.mol,Tymazoline,Cc1ccc(c(c1)OCC2=NCCN2)C(C)C,0.0,0.0,0.0,0.0,0.0,0.0,0.0,4.875,4.69,4.267,4.157,3.734,3.532,3.467
363,Udenafil.mol,Udenafil,CCCc1c2c(c(=O)nc([nH]2)c3cc(ccc3OCCC)S(=O)(=O)NCC[C@H]4CCC[N@]4C)n(n1)C,0.0,1.0,0.0,1.0,0.0,0.0,3.0,7.717,7.431,6.999,4.947,4.802,4.436,4.398
364,Umeclidinium.mol,Umeclidinium,c1ccc(cc1)COCC[N+]23CCC(CC2)(CC3)C(c4ccccc4)(c5ccccc5)O,0.0,0.0,0.0,0.0,0.0,0.0,0.0,6.447,4.803,4.76,4.688,4.518,4.353,3.752
365,Ursodeoxycholic acid.mol,Ursodeoxycholic acid,C[C@H](CCC(=O)O)[C@H]1CC[C@@H]2[C@@]1(CC[C@H]3[C@H]2[C@H](C[C@H]4[C@@]3(CC[C@H](C4)O)C)O)C,0.0,1.0,0.0,0.0,0.0,0.0,1.0,7.474,6.452,6.445,6.351,4.465,4.262,4.044
366,Valdecoxib.mol,Valdecoxib,Cc1c(c(no1)c2ccccc2)c3ccc(cc3)S(=O)(=O)N,0.0,0.0,0.0,1.0,0.0,0.0,2.0,7.726,6.999,5.214,4.828,4.714,4.634,3.823
367,Valproic Acid.mol,Valproic Acid,CCCC(CCC)C(=O)O,0.0,1.0,0.0,0.0,0.0,0.0,1.0,7.474,6.351,4.201,4.04,3.584,3.112,2.56
368,Valrubicin.mol,Valrubicin,CCCCC(=O)OCC(=O)[C@@]1(Cc2c(c(c3c(c2O)C(=O)c4cccc(c4C3=O)OC)O)[C@H](C1)O[C@@H]5C[C@@H]([C@H]([C@@H](O5)C)O)NC(=O)C(F)(F)F)O,3.0,5.0,0.0,0.0,0.0,0.0,8.0,8.516,7.999,7.999,7.441,7.432,7.424,7.42
369,Valsartan.mol,Valsartan,CCCCC(=O)N(Cc1ccc(cc1)c2ccccc2c3n[nH]nn3)[C@@H](C(C)C)C(=O)O,0.0,2.0,0.0,0.0,0.0,0.0,2.0,7.474,7.426,6.351,5.268,4.798,4.582,4.234
370,Vandetanib.mol,Vandetanib,CN1CCC(CC1)COc2cc3c(cc2OC)c(ncn3)Nc4ccc(cc4F)Br,1.0,0.0,0.0,0.0,0.0,0.0,1.0,8.201,5.1,4.764,4.65,4.483,4.319,4.12
371,Vardenafil.mol,Vardenafil,CCCc1nc(c2n1nc([nH]c2=O)c3cc(ccc3OCC)S(=O)(=O)N4CCN(CC4)CC)C,0.0,1.0,0.0,1.0,0.0,0.0,3.0,7.715,7.429,6.999,4.985,4.789,4.418,4.355
372,Vemurafenib.mol,Vemurafenib,CCCS(=O)(=O)Nc1ccc(c(c1F)C(=O)c2c[nH]c3c2cc(cn3)c4ccc(cc4)Cl)F,2.0,1.0,0.0,1.0,0.0,0.0,5.0,8.21,8.191,7.716,7.427,6.999,5.057,4.917
373,Venetoclax.mol,Venetoclax,CC1(CCC(=C(C1)c2ccc(cc2)Cl)CN3CCN(CC3)c4ccc(c(c4)Oc5cc6cc[nH]c6nc5)C(=O)NS(=O)(=O)c7ccc(c(c7)[N+](=O)[O-])NCC8CCOCC8)C,0.0,1.0,0.0,1.0,0.0,1.0,5.0,7.815,7.718,7.427,6.999,6.999,5.1,4.946
374,Venlafaxine.mol,Venlafaxine,CN(C)C[C@@H](c1ccc(cc1)OC)C2(CCCCC2)O,0.0,0.0,0.0,0.0,0.0,0.0,0.0,6.446,4.864,4.403,4.275,4.154,3.674,3.621
375,Verapamil.mol,Verapamil,CC(C)[C@@](CCC[N@](C)CCc1ccc(c(c1)OC)OC)(C#N)c2ccc(c(c2)OC)OC,0.0,0.0,0.0,0.0,0.0,0.0,0.0,6.817,4.945,4.914,4.496,4.496,4.38,4.339
376,Verteporfin.mol,Verteporfin,Cc1c2/cc/3\nc(/cc\4/c(c(c([nH]4)cc5n/c(c\c(c1CCC(=O)OC)[nH]2)/C(=C5C)CCC(=O)O)C=C)C)C6=CC=C([C@H]([C@@]36C)C(=O)OC)C(=O)OC,0.0,4.0,0.0,0.0,0.0,0.0,4.0,7.475,7.438,7.431,7.428,6.351,5.048,4.894
377,Vilazodone.mol,Vilazodone,c1cc2c(cc1C#N)c(c[nH]2)CCCCN3CCN(CC3)c4ccc5c(c4)cc(o5)C(=O)N,0.0,1.0,0.0,0.0,0.0,0.0,1.0,7.438,6.82,5.12,4.946,4.857,4.456,4.247
378,Vinblastine.mol,Vinblastine,CC[C@@]1(C[C@@H]2C[C@@](c3c(c4ccccc4[nH]3)CC[N@](C2)C1)(c5cc6c(cc5OC)N([C@@H]7[C@]68CC[N@@]9[C@H]8[C@@](C=CC9)([C@H]([C@@]7(C(=O)OC)O)OC(=O)C)CC)C)C(=O)OC)O,0.0,3.0,0.0,0.0,0.0,0.0,3.0,7.438,7.431,7.43,6.447,6.439,4.967,4.836
379,Vincristine.mol,Vincristine,CC[C@@]1(C[C@@H]2C[C@@](c3c(c4ccccc4[nH]3)CC[N@@](C2)C1)(c5cc6c(cc5OC)N([C@@H]7[C@]68CC[N@@]9[C@H]8[C@@](C=CC9)([C@H]([C@@]7(C(=O)OC)O)OC(=O)C)CC)C=O)C(=O)OC)O,0.0,4.0,0.0,0.0,0.0,0.0,4.0,7.454,7.437,7.431,7.43,6.447,6.439,4.965
380,Viomycin.mol,Viomycin,[H]/N=C\1/N[C@H](C[C@@H](N1)O)[C@H]2C(=O)NC[C@@H](C(=O)N[C@H](C(=O)N[C@H](C(=O)N/C(=C\NC(=O)N)/C(=O)N2)CO)CO)NC(=O)C[C@H](CCCN)N,0.0,7.0,0.0,0.0,0.0,0.0,7.0,7.447,7.436,7.43,7.428,7.425,7.423,7.421
381,Voacamine.mol,Voacamine,CC[C@@H]1C[C@H]2C[C@]3([C@@H]1[N@](C2)CCc4c3[nH]c5c4cc(c(c5)[C@H]6C[C@H]\7[C@@H]([C@@H](Cc8c6[nH]c9c8cccc9)[N@@](C/C7=C/C)C)C(=O)OC)OC)C(=O)OC,0.0,2.0,0.0,0.0,0.0,0.0,2.0,7.434,7.43,5.004,4.917,4.623,4.538,4.495
382,Vorapaxar.mol,Vorapaxar,CCOC(=O)N[C@@H]1CC[C@@H]2[C@@H](C1)C[C@@H]3[C@H]([C@H]2/C=C/c4ccc(cn4)c5cccc(c5)F)[C@H](OC3=O)C,1.0,2.0,0.0,0.0,0.0,0.0,3.0,8.201,7.436,7.431,4.919,4.594,4.557,4.486
383,Voriconazole.mol,Voriconazole,C[C@@H](c1c(cncn1)F)[C@](Cn2cncn2)(c3ccc(cc3F)F)O,3.0,0.0,0.0,0.0,0.0,0.0,3.0,8.212,8.201,8.191,6.446,5.077,4.932,4.479
384,Wortmannin.mol,Wortmannin,CC(=O)O[C@@H]1C[C@]2([C@@H](CCC2=O)C3=C1[C@@]4(c5c(coc5C3=O)C(=O)O[C@@H]4COC)C)C,0.0,4.0,0.0,0.0,0.0,0.0,4.0,7.438,7.431,7.427,7.424,5.012,4.667,4.53
385,XL388.mol,XL388,Cc1c(ccc(c1F)S(=O)(=O)C)C(=O)N2CCOc3ccc(cc3C2)c4ccc(nc4)N,1.0,1.0,0.0,1.0,0.0,0.0,4.0,8.201,7.715,7.427,6.999,5.176,4.843,4.562
386,Z-DEVD-FMK.mol,Z-DEVD-FMK,CC(C)[C@@H](C(=O)N[C@@H](CC(=O)OC)C(=O)CF)NC(=O)[C@H](CCC(=O)OC)NC(=O)[C@H](CC(=O)OC)NC(=O)OCc1ccccc1,1.0,8.0,0.0,0.0,0.0,0.0,9.0,8.198,7.448,7.433,7.431,7.43,7.429,7.426
387,ZM 336372.mol,ZM 336372,Cc1ccc(cc1NC(=O)c2ccc(cc2)O)NC(=O)c3cccc(c3)N(C)C,0.0,2.0,0.0,0.0,0.0,0.0,2.0,7.431,7.427,7.247,5.719,5.464,4.999,4.744
388,ZSTK474.mol,ZSTK474,c1ccc2c(c1)nc(n2c3nc(nc(n3)N4CCOCC4)N5CCOCC5)C(F)F,2.0,0.0,0.0,0.0,0.0,0.0,2.0,8.362,7.999,5.122,4.911,4.616,4.597,4.287
389,Zotarolimus.mol,Zotarolimus,C[C@@H]1CC[C@H]2C[C@@H](/C(=C/C=C/C=C/[C@H](C[C@H](C(=O)[C@@H]([C@@H](/C(=C/[C@H](C(=O)C[C@H](OC(=O)[C@@H]3CCCCN3C(=O)C(=O)[C@@]1(O2)O)[C@H](C)C[C@@H]4CC[C@@H]([C@@H](C4)OC)n5cnnn5)C)/C)O)OC)C)C)/C)OC,0.0,5.0,0.0,0.0,0.0,0.0,5.0,7.498,7.433,7.426,7.424,7.352,6.451,6.444
390,antrafenine.mol,antrafenine,c1ccc(c(c1)C(=O)OCCN2CCN(CC2)c3cccc(c3)C(F)(F)F)Nc4ccnc5c4ccc(c5)C(F)(F)F,6.0,1.0,0.0,0.0,0.0,0.0,7.0,8.517,8.509,7.999,7.999,7.999,7.999,7.433
391,bafilomycin a.mol,bafilomycin a,C[C@H]1C/C(=C/C=C/[C@@H]([C@H](OC(=O)/C(=C/C(=C/[C@H]([C@H]1O)C)/C)/OC)[C@@H](C)[C@H]([C@H](C)[C@]2(C[C@H]([C@@H]([C@H](O2)C(C)C)C)O)O)O)OC)/C,0.0,1.0,0.0,0.0,0.0,0.0,1.0,7.433,6.471,6.448,6.445,6.433,4.767,4.69
392,celastrol 3f.mol,celastrol 3f,C[C@]12CC[C@@](C[C@H]1[C@@]3(CC[C@@]4(C(=CC=C5C4=CC(=O)C(=C5C(F)(F)F)O)[C@]3(CC2)C)C)C)(C)C(=O)O,3.0,2.0,0.0,0.0,0.0,0.0,5.0,8.513,7.999,7.999,7.474,7.43,6.459,6.351
393,celastrol.mol,celastrol,CC1=C(C(=O)C=C2C1=CC=C3[C@]2(CC[C@@]4([C@@]3(CC[C@@]5([C@H]4C[C@](CC5)(C)C(=O)O)C)C)C)C)O,0.0,2.0,0.0,0.0,0.0,0.0,2.0,7.474,7.43,6.46,6.351,4.695,4.418,4.178
394,celecoxib.mol,celecoxib,Cc1ccc(cc1)c2cc(nn2c3ccc(cc3)S(=O)(=O)N)C(F)(F)F,3.0,0.0,0.0,1.0,0.0,0.0,5.0,8.513,7.999,7.999,7.726,6.999,4.961,4.819
395,chlortalidone.mol,chlortalidone,c1ccc2c(c1)C(=O)N[C@]2(c3ccc(c(c3)S(=O)(=O)N)Cl)O,0.0,1.0,0.0,1.0,0.0,0.0,3.0,7.726,7.429,6.999,6.449,4.911,4.792,4.695
396,desogestrel.mol,desogestrel,CC[C@]12CC(=C)[C@H]3[C@H]([C@@H]1CC[C@]2(C#C)O)CCC4=CCCC[C@H]34,0.0,0.0,0.0,0.0,0.0,0.0,0.0,6.453,5.396,4.698,4.423,4.192,3.933,3.79
397,digitoxin.mol,digitoxin,C[C@@H]1[C@H]([C@H](C[C@@H](O1)O[C@@H]2[C@H](O[C@H](C[C@@H]2O)O[C@@H]3[C@H](O[C@H](C[C@@H]3O)O[C@H]4CC[C@]5([C@@H](C4)CC[C@@H]6[C@@H]5CC[C@]7([C@@]6(CC[C@@H]7C8=CC(=O)OC8)O)C)C)C)C)O)O,0.0,1.0,0.0,0.0,0.0,0.0,1.0,7.434,6.495,6.453,6.446,6.443,6.4,4.837
398,duvelisib.mol,duvelisib,C[C@@H](c1cc2cccc(c2c(=O)n1c3ccccc3)Cl)Nc4c5c([nH]cn5)ncn4,0.0,1.0,0.0,0.0,0.0,0.0,1.0,7.428,5.192,4.921,4.754,4.579,4.445,4.258
399,enzalutamide.mol,enzalutamide,CC1(C(=O)N(C(=S)N1c2ccc(c(c2)F)C(=O)NC)c3ccc(c(c3)C(F)(F)F)C#N)C,4.0,2.0,0.0,0.0,0.0,0.0,6.0,8.513,8.201,7.999,7.999,7.43,7.426,6.82
400,erlotinib.mol,erlotinib,COCCOc1cc2c(cc1OCCOC)ncnc2Nc3cccc(c3)C#C,0.0,0.0,0.0,0.0,0.0,0.0,0.0,5.448,5.1,4.78,4.671,4.66,4.566,4.327
401,ethinylestradiol.mol,ethinylestradiol,C[C@]12CC[C@@H]3c4ccc(cc4CC[C@H]3[C@@H]1CC[C@]2(C#C)O)O,0.0,0.0,0.0,0.0,0.0,0.0,0.0,6.471,6.452,5.396,4.629,4.281,3.899,3.772
402,ezetimibe.mol,ezetimibe,c1cc(ccc1[C@@H]2[C@H](C(=O)N2c3ccc(cc3)F)CC[C@@H](c4ccc(cc4)F)O)O,2.0,1.0,0.0,0.0,0.0,0.0,3.0,8.203,8.2,7.427,6.471,6.449,4.688,4.603
403,felodipine.mol,felodipine,CCOC(=O)C1=C(NC(=C([C@H]1c2cccc(c2Cl)Cl)C(=O)OC)C)C,0.0,2.0,0.0,0.0,0.0,0.0,2.0,7.435,7.43,5.037,4.629,4.485,4.476,4.412
404,gatifloxacin.mol,gatifloxacin,C[C@@H]1CN(CCN1)c2c(cc3c(c2OC)n(cc(c3=O)C(=O)O)C4CC4)F,1.0,2.0,0.0,0.0,0.0,0.0,3.0,8.201,7.48,7.422,6.351,4.796,4.424,4.41
405,glimepiride.mol,glimepiride,CCC1=C(CN(C1=O)C(=O)NCCc2ccc(cc2)S(=O)(=O)NC(=O)NC3CCC(CC3)C)C,0.0,3.0,0.0,1.0,0.0,0.0,5.0,7.718,7.445,7.429,7.412,6.999,4.693,4.409
406,grepafloxacin.mol,grepafloxacin,Cc1c2c(cc(c1F)N3CCN[C@@H](C3)C)n(cc(c2=O)C(=O)O)C4CC4,1.0,2.0,0.0,0.0,0.0,0.0,3.0,8.201,7.48,7.422,6.351,4.657,4.418,4.253
407,iloperidone.mol,iloperidone,CC(=O)c1ccc(c(c1)OC)OCCCN2CCC(CC2)c3c4ccc(cc4on3)F,1.0,1.0,0.0,0.0,0.0,0.0,2.0,8.201,7.428,5.247,4.908,4.472,4.324,4.309
408,ki8751.mol,ki8751,COc1cc2c(ccnc2cc1OC)Oc3ccc(c(c3)F)NC(=O)Nc4ccc(cc4F)F,3.0,1.0,0.0,0.0,0.0,0.0,4.0,8.212,8.201,8.191,7.431,5.076,4.795,4.661
409,levothyroxine.mol,levothyroxine,c1c(cc(c(c1I)Oc2cc(c(c(c2)I)O)I)I)C[C@@H](C(=O)O)N,0.0,1.0,0.0,0.0,0.0,0.0,1.0,7.474,6.468,6.351,4.983,4.86,4.543,4.06
410,linagliptin.mol,linagliptin,CC#CCn1c2c(nc1[N@]3CCC[C@H](C3)N)n(c(=O)n(c2=O)Cc4nc(c5ccccc5n4)C)C,0.0,2.0,0.0,0.0,0.0,0.0,2.0,7.444,7.411,5.046,5.005,4.886,4.688,4.465
411,mebendazole.mol,mebendazole,COC(=O)Nc1[nH]c2ccc(cc2n1)C(=O)c3ccccc3,0.0,2.0,0.0,0.0,0.0,0.0,2.0,7.435,7.427,5.06,4.725,4.511,4.285,3.841
412,mek azd.mol,mek azd,Cn1cnc2c1cc(c(c2F)Nc3ccc(cc3Cl)Br)C(=O)NOCCO,1.0,1.0,0.0,0.0,0.0,0.0,2.0,8.201,7.429,6.457,4.996,4.923,4.634,4.366
413,mestranol.mol,mestranol,C[C@]12CC[C@@H]3c4ccc(cc4CC[C@H]3[C@@H]1CC[C@]2(C#C)O)OC,0.0,0.0,0.0,0.0,0.0,0.0,0.0,6.453,5.396,4.856,4.44,4.24,3.891,3.77
414,metoprololtartrate.mol,metoprololtartrate,CC(C)NC[C@H](COc1ccc(cc1)CCOC)O,0.0,0.0,0.0,0.0,0.0,0.0,0.0,6.449,4.84