,NAME,molecule label,smiles,F,carbonyl,sulfinyl,sulfonyl,nitroso,nitro
0,A 939572.mol,A 939572,CNC(=O)c1cccc(c1)NC(=O)N2CCC(CC2)Oc3ccccc3Cl,0.0,2.0,0.0,0.0,0.0,0.0
1,ABT-751.mol,ABT-751,COc1ccc(cc1)S(=O)(=O)Nc2cccnc2Nc3ccc(cc3)O,0.0,0.0,0.0,1.0,0.0,0.0
2,ABT737.mol,ABT737,CN(C)CC[C@@H](CSc1ccccc1)Nc2ccc(cc2[N+](=O)[O-])S(=O)(=O)NC(=O)c3ccc(cc3)N4CCN(CC4)Cc5ccccc5c6ccc(cc6)Cl,0.0,1.0,0.0,1.0,0.0,1.0
3,AGI-6780.mol,AGI-6780,c1cc(cc(c1)NC(=O)Nc2cc(ccc2c3ccsc3)S(=O)(=O)NC4CC4)C(F)(F)F,3.0,1.0,0.0,1.0,0.0,0.0
4,AMI-1.mol,AMI-1,c1cc2c(cc1NC(=O)Nc3ccc4c(c3)cc(cc4O)S(=O)(=O)O)cc(cc2O)S(=O)(=O)O,0.0,1.0,0.0,2.0,0.0,0.0
5,AS-252424.mol,AS-252424,c1cc(c(cc1F)O)c2ccc(o2)/C=C/3\C(=O)NC(=O)S3,1.0,2.0,0.0,0.0,0.0,0.0
6,AS-604850.mol,AS-604850,c1cc2c(cc1/C=C/3\C(=O)NC(=O)S3)OC(O2)(F)F,2.0,2.0,0.0,0.0,0.0,0.0
7,AT101 Glossypol.mol,AT101 Glossypol,Cc1cc2c(c(c(c(c2C(C)C)O)O)C=O)c(c1c3c(cc4c(c3O)c(c(c(c4C(C)C)O)O)C=O)C)O,0.0,2.0,0.0,0.0,0.0,0.0
8,AZ 3146.mol,AZ 3146,Cn1c2cnc(nc2n(c1=O)C3CCCC3)Nc4ccc(cc4OC)OC5CCN(CC5)C,0.0,1.0,0.0,0.0,0.0,0.0
9,AZ628.mol,AZ628,Cc1ccc(cc1Nc2ccc3c(c2)c(=O)n(cn3)C)NC(=O)c4cccc(c4)C(C)(C)C#N,0.0,2.0,0.0,0.0,0.0,0.0
10,AZD2461.mol,AZD2461,COC1CCN(CC1)C(=O)c2cc(ccc2F)Cc3c4ccccc4c(=O)[nH]n3,1.0,2.0,0.0,0.0,0.0,0.0
11,AZD4547.mol,AZD4547,C[C@@H]1CN(C[C@@H](N1)C)c2ccc(cc2)C(=O)Nc3cc([nH]n3)CCc4cc(cc(c4)OC)OC,0.0,1.0,0.0,0.0,0.0,0.0
12,AZD6938.mol,AZD6938,c1cc(ncc1C#N)c2nc(on2)c3cc(cc(c3)F)C#N,1.0,0.0,0.0,0.0,0.0,0.0
13,AZD8055.mol,AZD8055,C[C@H]1COCCN1c2c3ccc(nc3nc(n2)N4CCOC[C@@H]4C)c5ccc(c(c5)CO)OC,0.0,0.0,0.0,0.0,0.0,0.0
14,Abiraterone.mol,Abiraterone,C[C@]12CC[C@@H](CC1=CC[C@@H]3[C@@H]2CC[C@]4([C@H]3CC=C4c5cccnc5)C)O,0.0,0.0,0.0,0.0,0.0,0.0
15,Adapalene.mol,Adapalene,COc1ccc(cc1C23CC4CC(C2)CC(C4)C3)c5ccc6cc(ccc6c5)C(=O)O,0.0,1.0,0.0,0.0,0.0,0.0
16,Afatinib.mol,Afatinib,CN(C)C/C=C/C(=O)Nc1cc2c(cc1O[C@@H]3CCOC3)ncnc2Nc4ccc(c(c4)Cl)F,1.0,1.0,0.0,0.0,0.0,0.0
17,Alisertib.mol,Alisertib,COc1cccc(c1C2=NCc3cnc(nc3-c4c2cc(cc4)Cl)Nc5ccc(c(c5)OC)C(=O)O)F,1.0,1.0,0.0,0.0,0.0,0.0
18,Alvelestat.mol,Alvelestat,Cc1c(cc(c(=O)n1c2cccc(c2)C(F)(F)F)C(=O)NCc3ccc(cn3)S(=O)(=O)C)c4ccnn4C,3.0,2.0,0.0,1.0,0.0,0.0
19,Alvespimycin.mol,Alvespimycin,C[C@H]1C[C@@H]([C@@H]([C@H](/C=C(/[C@@H]([C@H](/C=C\C=C(\C(=O)NC2=CC(=O)C(=C(C1)C2=O)NCCN(C)C)/C)OC)OC(=O)N)\C)C)O)OC,0.0,4.0,0.0,0.0,0.0,0.0
20,Amuvatinib.mol,Amuvatinib,c1ccc2c(c1)c3c(o2)c(ncn3)N4CCN(CC4)C(=S)NCc5ccc6c(c5)OCO6,0.0,0.0,0.0,0.0,0.0,0.0
21,Anacardic Acid.mol,Anacardic Acid,CCC/C=C\C/C=C\CCCCCCCc1cccc(c1C(=O)O)O,0.0,1.0,0.0,0.0,0.0,0.0
22,Andarine.mol,Andarine,CC(=O)Nc1ccc(cc1)OC[C@@](C)(C(=O)Nc2ccc(c(c2)C(F)(F)F)[N+](=O)[O-])O,3.0,2.0,0.0,0.0,0.0,1.0
23,Anidulafungin.mol,Anidulafungin,CCCCCOc1ccc(cc1)c2ccc(cc2)c3ccc(cc3)C(=O)N[C@H]4C[C@H]([C@H](NC(=O)[C@@H]5[C@H]([C@H](CN5C(=O)[C@@H](NC(=O)[C@@H](NC(=O)[C@@H]6C[C@H](CN6C(=O)[C@@H](NC4=O)[C@@H](C)O)O)[C@@H]([C@H](c7ccc(cc7)O)O)O)[C@@H](C)O)C)O)O)O,0.0,7.0,0.0,0.0,0.0,0.0
24,Apitolisib.mol,Apitolisib,Cc1c(sc2c1nc(nc2N3CCOCC3)c4cnc(nc4)N)CN5CCN(CC5)C(=O)[C@H](C)O,0.0,1.0,0.0,0.0,0.0,0.0
25,Aprepitant.mol,Aprepitant,C[C@H](c1cc(cc(c1)C(F)(F)F)C(F)(F)F)O[C@@H]2[C@@H]([N@@](CCO2)Cc3[nH]c(=O)[nH]n3)c4ccc(cc4)F,7.0,1.0,0.0,0.0,0.0,0.0
26,Argatroban.mol,Argatroban,C[C@@H]1CCN([C@H](C1)C(=O)O)C(=O)[C@H](CCCN=C(N)N)NS(=O)(=O)c2cccc3c2NC[C@H](C3)C,0.0,2.0,0.0,1.0,0.0,0.0
27,Astemizole.mol,Astemizole,COc1ccc(cc1)CCN2CCC(CC2)Nc3nc4ccccc4n3Cc5ccc(cc5)F,1.0,0.0,0.0,0.0,0.0,0.0
28,Astragaloside A.mol,Astragaloside A,C[C@@]12CC[C@]34C[C@]35CC[C@H](C([C@H]5[C@@H](C[C@@H]4[C@]1(C[C@H]([C@H]2[C@@]6(CC[C@@H](O6)C(C)(C)O)C)O)C)O[C@@H]7[C@H]([C@@H]([C@H]([C@@H](O7)CO)O)O)O)(C)C)O[C@@H]8[C@H]([C@@H]([C@H](CO8)O)O)O,0.0,0.0,0.0,0.0,0.0,0.0
29,Atazanavir.mol,Atazanavir,CC(C)(C)[C@@H](C(=O)N[C@@H](Cc1ccccc1)[C@H](C[N@@](Cc2ccc(cc2)c3ccccn3)NC(=O)[C@H](C(C)(C)C)NC(=O)OC)O)NC(=O)OC,0.0,4.0,0.0,0.0,0.0,0.0
30,Atenolol.mol,Atenolol,CC(C)NC[C@H](COc1ccc(cc1)CC(=O)N)O,0.0,1.0,0.0,0.0,0.0,0.0
31,Atorvastatin.mol,Atorvastatin,CC(C)c1c(c(c(n1CC[C@H](C[C@H](CC(=O)O)O)O)c2ccc(cc2)F)c3ccccc3)C(=O)Nc4ccccc4,1.0,2.0,0.0,0.0,0.0,0.0
32,Avagacestat.mol,Avagacestat,c1cc(ccc1S(=O)(=O)[N@@](Cc2ccc(cc2F)c3ncon3)[C@H](CCC(F)(F)F)C(=O)N)Cl,4.0,1.0,0.0,1.0,0.0,0.0
33,Avasimibe.mol,Avasimibe,CC(C)c1cccc(c1OS(=O)(=O)NC(=O)Cc2c(cc(cc2C(C)C)C(C)C)C(C)C)C(C)C,0.0,1.0,0.0,1.0,0.0,0.0
34,Axitinib.mol,Axitinib,CNC(=O)c1ccccc1Sc2ccc3c(c2)[nH]nc3/C=C/c4ccccn4,0.0,1.0,0.0,0.0,0.0,0.0
35,BEZ235.mol,BEZ235,CC(C)(C#N)c1ccc(cc1)n2c3c4cc(ccc4ncc3n(c2=O)C)c5cc6ccccc6nc5,0.0,1.0,0.0,0.0,0.0,0.0
36,BMS 509744.mol,BMS 509744,Cc1cc(c(cc1Sc2cnc(s2)NC(=O)c3ccc(cc3)CN[C@@H](C)C(C)(C)C)C(=O)N4CCN(CC4)C(=O)C)OC,0.0,3.0,0.0,0.0,0.0,0.0
37,BMS-777607.mol,BMS-777607,CCO[C@H]1C=CN(C(=O)[C@@H]1C(=O)Nc2ccc(c(c2)F)Oc3ccnc(c3Cl)N)c4ccc(cc4)F,2.0,2.0,0.0,0.0,0.0,0.0
38,BV-6.mol,BV-6,C[C@@H](C(=O)N[C@@H](C1CCCCC1)C(=O)N2CCC[C@H]2C(=O)N[C@@H](C(c3ccccc3)c4ccccc4)C(=O)NCCCCCCNC(=O)[C@H](C(c5ccccc5)c6ccccc6)NC(=O)[C@@H]7CCCN7C(=O)[C@H](C8CCCCC8)NC(=O)[C@H](C)NC)NC,0.0,8.0,0.0,0.0,0.0,0.0
39,Balifomycin f.mol,Balifomycin f,C[C@H]1C/C(=C/C=C/[C@@H]([C@H](OC(=O)/C(=C/C(=C/[C@H]([C@H]1O)C)/C)/OC)[C@@H](C)[C@H]([C@H](C)[C@]2(C[C@H]([C@@H]([C@H](O2)C(C)C)C)OC(=O)C[C@H]3C(=O)N[C@@H](CS3)C(=O)O)O)O)OC)/C,0.0,4.0,0.0,0.0,0.0,0.0
40,Barasertib.mol,Barasertib,CC[N@@](CCCOc1ccc2c(c1)ncnc2Nc3cc([nH]n3)CC(=O)Nc4cccc(c4)F)CCO,1.0,1.0,0.0,0.0,0.0,0.0
41,Belnacasan.mol,Belnacasan,CCO[C@H]1[C@H](CC(=O)O1)NC(=O)[C@@H]2CCCN2C(=O)[C@H](C(C)(C)C)NC(=O)c3ccc(c(c3)Cl)N,0.0,4.0,0.0,0.0,0.0,0.0
42,Besifloxacin.mol,Besifloxacin,c1cc(ccc1[C@@H]2[C@H](C(=O)N2c3ccc(cc3)F)CC[C@@H](c4ccc(cc4)F)O)O,2.0,1.0,0.0,0.0,0.0,0.0
43,Bexarotene.mol,Bexarotene,Cc1cc2c(cc1C(=C)c3ccc(cc3)C(=O)O)C(CCC2(C)C)(C)C,0.0,1.0,0.0,0.0,0.0,0.0
44,Bicalutamide.mol,Bicalutamide,C[C@](CS(=O)(=O)c1ccc(cc1)F)(C(=O)Nc2ccc(c(c2)C(F)(F)F)C#N)O,4.0,1.0,0.0,1.0,0.0,0.0
45,Birinapant.mol,Birinapant,CC[C@@H](C(=O)N1C[C@H](C[C@H]1Cc2c3ccc(cc3[nH]c2c4c(c5ccc(cc5[nH]4)F)C[C@@H]6C[C@@H](CN6C(=O)[C@H](CC)NC(=O)[C@H](C)NC)O)F)O)NC(=O)[C@H](C)NC,2.0,4.0,0.0,0.0,0.0,0.0
46,Bortezomib.mol,Bortezomib,B([C@@H](CC(C)C)NC(=O)[C@H](Cc1ccccc1)NC(=O)c2cnccn2)(O)O,0.0,2.0,0.0,0.0,0.0,0.0
47,Buparlisib.mol,Buparlisib,c1c(c(cnc1N)c2cc(nc(n2)N3CCOCC3)N4CCOCC4)C(F)(F)F,3.0,0.0,0.0,0.0,0.0,0.0
48,C646.mol,C646,Cc1cc(c(cc1C)[N+](=O)[O-])c2ccc(o2)/C=C\3/C(=NN(C3=O)c4ccc(cc4)C(=O)O)C,0.0,2.0,0.0,0.0,0.0,1.0
49,CCT 018159.mol,CCT 018159,CCc1cc(c(cc1O)O)c2c(c([nH]n2)C)c3ccc4c(c3)OCCO4,0.0,0.0,0.0,0.0,0.0,0.0
50,CEP-32496.mol,CEP-32496,CC(C)(c1cc(no1)NC(=O)Nc2cccc(c2)Oc3c4cc(c(cc4ncn3)OC)OC)C(F)(F)F,3.0,1.0,0.0,0.0,0.0,0.0
51,CH4987655.mol,CH4987655,c1cc(c(cc1I)F)Nc2c(cc(c(c2F)F)CN3C(=O)CCCO3)C(=O)NOCCO,3.0,2.0,0.0,0.0,0.0,0.0
52,CH5138303.mol,CH5138303,c1cc2c3c(c1)c(c(cc3COC2)Cl)c4nc(nc(n4)SCCCC(=O)N)N,0.0,1.0,0.0,0.0,0.0,0.0
53,CP-724714.mol,CP-724714,Cc1ccc(cn1)Oc2ccc(cc2C)Nc3c4cc(ccc4ncn3)/C=C/CNC(=O)COC,0.0,1.0,0.0,0.0,0.0,0.0
54,CUDC-101.mol,CUDC-101,COc1cc2c(cc1OCCCCCCC(=O)NO)c(ncn2)Nc3cccc(c3)C#C,0.0,1.0,0.0,0.0,0.0,0.0
55,CUDC-907.mol,CUDC-907,CN(Cc1cc2c(s1)c(nc(n2)c3ccc(nc3)OC)N4CCOCC4)c5ncc(cn5)C(=O)NO,0.0,1.0,0.0,0.0,0.0,0.0
56,Cabergoline.mol,Cabergoline,CCNC(=O)N(CCCN(C)C)C(=O)[C@@H]1C[C@@H]2c3cccc4c3c(c[nH]4)C[C@H]2[N@@](C1)CC=C,0.0,2.0,0.0,0.0,0.0,0.0
57,Cabozantinib.mol,Cabozantinib,COc1cc2c(ccnc2cc1OC)Oc3ccc(cc3)NC(=O)C4(CC4)C(=O)Nc5ccc(cc5)F,1.0,2.0,0.0,0.0,0.0,0.0
58,Calpeptin.mol,Calpeptin,CCCC[C@@H](C=O)NC(=O)[C@H](CC(C)C)NC(=O)OCc1ccccc1,0.0,3.0,0.0,0.0,0.0,0.0
59,Camptotecin.mol,Camptotecin,CC[C@@]1(c2cc-3n(c(=O)c2COC1=O)Cc4c3nc5ccccc5c4)O,0.0,2.0,0.0,0.0,0.0,0.0
60,Carbamazepine.mol,Carbamazepine,c1ccc2c(c1)C=Cc3ccccc3N2C(=O)N,0.0,1.0,0.0,0.0,0.0,0.0
61,Carboplatin.mol,Carboplatin,C1CC2(C1)C(=O)O[Pt]OC2=O.N.N,0.0,2.0,0.0,0.0,0.0,0.0
62,Carfilzomib.mol,Carfilzomib,CC(C)C[C@@H](C(=O)[C@]1(CO1)C)NC(=O)[C@H](Cc2ccccc2)NC(=O)[C@H](CC(C)C)NC(=O)[C@H](CCc3ccccc3)NC(=O)CN4CCOCC4,0.0,5.0,0.0,0.0,0.0,0.0
63,Cefapirin.mol,Cefapirin,CC(=O)OCC1=C(N2[C@@H]([C@@H](C2=O)NC(=O)CSc3ccncc3)SC1)C(=O)O,0.0,4.0,0.0,0.0,0.0,0.0
64,Cerdulatinib.mol,Cerdulatinib,CCS(=O)(=O)N1CCN(CC1)c2ccc(cc2)Nc3ncc(c(n3)NC4CC4)C(=O)N,0.0,1.0,0.0,1.0,0.0,0.0
65,Chloroquine.mol,Chloroquine,CCN(CC)CCC[C@H](C)Nc1ccnc2c1ccc(c2)Cl,0.0,0.0,0.0,0.0,0.0,0.0
66,Cholesterol.mol,Cholesterol,C[C@H](CCCC(C)C)[C@H]1CC[C@@H]2[C@@]1(CC[C@H]3[C@H]2CC=C4[C@@]3(CC[C@@H](C4)O)C)C,0.0,0.0,0.0,0.0,0.0,0.0
67,Ciclosporin.mol,Ciclosporin,CC[C@H]1C(=O)N(CC(=O)N([C@H](C(=O)N[C@H](C(=O)N([C@H](C(=O)N[C@H](C(=O)N[C@@H](C(=O)N([C@H](C(=O)N([C@H](C(=O)N([C@H](C(=O)N([C@H](C(=O)N1)[C@@H]([C@H](C)C/C=C/C)O)C)C(C)C)C)CC(C)C)C)CC(C)C)C)C)C)CC(C)C)C)C(C)C)CC(C)C)C)C,0.0,11.0,0.0,0.0,0.0,0.0
68,Cinacalcet.mol,Cinacalcet,C[C@H](c1cccc2c1cccc2)NCCCc3cccc(c3)C(F)(F)F,3.0,0.0,0.0,0.0,0.0,0.0
69,Clindamycin.mol,Clindamycin,CCC[C@@H]1C[C@H]([N@@](C1)C)C(=O)N[C@H]([C@H]2[C@@H]([C@@H]([C@H]([C@H](O2)SC)O)O)O)[C@H](C)Cl,0.0,1.0,0.0,0.0,0.0,0.0
70,Cobimetinib.mol,Cobimetinib,c1cc(c(cc1I)F)Nc2c(ccc(c2F)F)C(=O)N3CC(C3)([C@@H]4CCCCN4)O,3.0,1.0,0.0,0.0,0.0,0.0
71,Colchicine.mol,Colchicine,CC(=O)N[C@H]1CCc2cc(c(c(c2-c3c1cc(=O)c(cc3)OC)OC)OC)OC,0.0,2.0,0.0,0.0,0.0,0.0
72,Crizotinib.mol,Crizotinib,C[C@H](c1c(ccc(c1Cl)F)Cl)Oc2cc(cnc2N)c3cnn(c3)C4CCNCC4,1.0,0.0,0.0,0.0,0.0,0.0
73,Cromolyn.mol,Cromolyn,c1cc2c(c(c1)OCC(COc3cccc4c3c(=O)cc(o4)C(=O)O)O)c(=O)cc(o2)C(=O)O,0.0,4.0,0.0,0.0,0.0,0.0
74,Dabrafenib.mol,Dabrafenib,CC(C)(C)c1nc(c(s1)c2ccnc(n2)N)c3cccc(c3F)NS(=O)(=O)c4c(cccc4F)F,3.0,0.0,0.0,1.0,0.0,0.0
75,Dactolisib.mol,Dactolisib,CC(C)(C#N)c1ccc(cc1)n2c3c4cc(ccc4ncc3n(c2=O)C)c5cc6ccccc6nc5,0.0,1.0,0.0,0.0,0.0,0.0
76,Danoprevir.mol,Danoprevir,CC(C)(C)OC(=O)N[C@H]1CCCCC/C=C\[C@@H]2C[C@]2(NC(=O)[C@@H]3C[C@H](CN3C1=O)OC(=O)N4Cc5cccc(c5C4)F)C(=O)NS(=O)(=O)C6CC6,1.0,5.0,0.0,1.0,0.0,0.0
77,Dantron.mol,Dantron,c1cc2c(c(c1)O)C(=O)c3c(cccc3O)C2=O,0.0,2.0,0.0,0.0,0.0,0.0
78,Dapivirine.mol,Dapivirine,Cc1cc(c(c(c1)C)Nc2ccnc(n2)Nc3ccc(cc3)C#N)C,0.0,0.0,0.0,0.0,0.0,0.0
79,Decernotinib.mol,Decernotinib,CC[C@](C)(C(=O)NCC(F)(F)F)Nc1ccnc(n1)c2c[nH]c3c2cccn3,3.0,1.0,0.0,0.0,0.0,0.0
80,Defactinib.mol,Defactinib,CNC(=O)c1ccc(cc1)Nc2ncc(c(n2)NCc3c(nccn3)[N@](C)S(=O)(=O)C)C(F)(F)F,3.0,1.0,0.0,1.0,0.0,0.0
81,Degrasyn.mol,Degrasyn,CCC[C@@H](c1ccccc1)NC(=O)/C(=C/c2cccc(n2)Br)/C#N,0.0,1.0,0.0,0.0,0.0,0.0
82,Deguelin.mol,Deguelin,CC1(C=Cc2c(ccc3c2O[C@@H]4COc5cc(c(cc5[C@@H]4C3=O)OC)OC)O1)C,0.0,1.0,0.0,0.0,0.0,0.0
83,Delanzomib.mol,Delanzomib,B([C@H](CC(C)C)NC(=O)[C@H]([C@@H](C)O)NC(=O)c1cccc(n1)c2ccccc2)(O)O,0.0,2.0,0.0,0.0,0.0,0.0
84,Delavirdin.mol,Delavirdin,CC(C)Nc1cccnc1N2CCN(CC2)C(=O)c3cc4cc(ccc4[nH]3)NS(=O)(=O)C,0.0,1.0,0.0,1.0,0.0,0.0
85,Dexamethasone.mol,Dexamethasone,C[C@@H]1C[C@H]2[C@@H]3CCC4=CC(=O)C=C[C@@]4([C@]3([C@H](C[C@@]2([C@]1(C(=O)CO)O)C)O)F)C,1.0,2.0,0.0,0.0,0.0,0.0
86,Dilmapimod.mol,Dilmapimod,Cc1cc(ccc1c2c3ccc(=O)n(c3nc(n2)NC(CO)CO)c4c(cccc4F)F)F,3.0,1.0,0.0,0.0,0.0,0.0
87,Docetaxel.mol,Docetaxel,CC1=C2[C@H](C(=O)[C@@]3([C@H](C[C@@H]4[C@]([C@H]3[C@@H]([C@@](C2(C)C)(C[C@@H]1OC(=O)[C@@H]([C@H](c5ccccc5)NC(=O)OC(C)(C)C)O)O)OC(=O)c6ccccc6)(CO4)OC(=O)C)O)C)O,0.0,5.0,0.0,0.0,0.0,0.0
88,Dolutegravir.mol,Dolutegravir,C[C@@H]1CCO[C@@H]2N1C(=O)c3c(c(=O)c(cn3C2)C(=O)NCc4ccc(cc4F)F)O,2.0,3.0,0.0,0.0,0.0,0.0
89,Doxercalciferol.mol,Doxercalciferol,C[C@H](/C=C/[C@H](C)C(C)C)[C@H]1CC[C@@H]\2[C@@]1(CCC/C2=C\C=C/3\C[C@H](C[C@@H](C3=C)O)O)C,0.0,0.0,0.0,0.0,0.0,0.0
90,Doxorubicin.mol,Doxorubicin,C[C@H]1[C@H]([C@H](C[C@@H](O1)O[C@H]2C[C@@](Cc3c2c(c4c(c3O)C(=O)c5cccc(c5C4=O)OC)O)(C(=O)CO)O)N)O,0.0,3.0,0.0,0.0,0.0,0.0
91,Dutasteride.mol,Dutasteride,C[C@]12CC[C@H]3[C@H]([C@@H]1CC[C@@H]2C(=O)Nc4cc(ccc4C(F)(F)F)C(F)(F)F)CC[C@@H]5[C@@]3(C=CC(=O)N5)C,6.0,2.0,0.0,0.0,0.0,0.0
92,ERK5-IN-1.mol,ERK5-IN-1,CCOc1cc(ccc1Nc2ncc3c(n2)N(c4ccccc4C(=O)N3C)C5CCCC5)C(=O)N6CCC(CC6)N7CCN(CC7)C,0.0,2.0,0.0,0.0,0.0,0.0
93,Echinomycin.mol,Echinomycin,C[C@H]1C(=O)N([C@H]2CS[C@H]([C@@H](C(=O)N([C@H](C(=O)OC[C@H](C(=O)N1)NC(=O)c3cnc4ccccc4n3)C(C)C)C)N(C(=O)[C@@H](NC(=O)[C@@H](COC(=O)[C@@H](N(C2=O)C)C(C)C)NC(=O)c5cnc6ccccc6n5)C)C)SC)C,0.0,10.0,0.0,0.0,0.0,0.0
94,Efavirenz.mol,Efavirenz,c1cc2c(cc1Cl)[C@@](OC(=O)N2)(C#CC3CC3)C(F)(F)F,3.0,1.0,0.0,0.0,0.0,0.0
95,Emend.mol,Emend,C[C@H](c1cc(cc(c1)C(F)(F)F)C(F)(F)F)O[C@@H]2[C@@H]([N@@](CCO2)Cc3[nH]c(=O)[nH]n3)c4ccc(cc4)F,7.0,1.0,0.0,0.0,0.0,0.0
96,Encorafenib.mol,Encorafenib,C[C@@H](CNc1nccc(n1)c2cn(nc2c3cc(cc(c3F)NS(=O)(=O)C)Cl)C(C)C)NC(=O)OC,1.0,1.0,0.0,1.0,0.0,0.0
97,Entrectinib.mol,Entrectinib,CN1CCN(CC1)c2ccc(c(c2)NC3CCOCC3)C(=O)Nc4c5cc(ccc5[nH]n4)Cc6cc(cc(c6)F)F,2.0,1.0,0.0,0.0,0.0,0.0
98,Epothilone A.mol,Epothilone A,Cc1nc(cs1)/C=C(\C)/[C@@H]2C[C@H]3[C@H](O3)CCC[C@@H]([C@@H]([C@H](C(=O)C([C@H](CC(=O)O2)O)(C)C)C)O)C,0.0,2.0,0.0,0.0,0.0,0.0
99,Epothilone B.mol,Epothilone B,Cc1nc(cs1)/C=C(\C)/[C@@H]2C[C@H]3[C@](O3)(CCC[C@@H]([C@@H]([C@H](C(=O)C([C@H](CC(=O)O2)O)(C)C)C)O)C)C,0.0,2.0,0.0,0.0,0.0,0.0
100,Epoxomicin.mol,Epoxomicin,CC[C@H](C)[C@@H](C(=O)N[C@@H]([C@@H](C)O)C(=O)N[C@@H](CC(C)C)C(=O)[C@]1(CO1)C)NC(=O)[C@H]([C@@H](C)CC)N(C)C(=O)C,0.0,5.0,0.0,0.0,0.0,0.0
101,Everolimus.mol,Everolimus,C[C@@H]1CC[C@H]2C[C@@H](/C(=C/C=C/C=C/[C@H](C[C@H](C(=O)[C@@H]([C@@H](/C(=C/[C@H](C(=O)C[C@H](OC(=O)[C@@H]3CCCCN3C(=O)C(=O)[C@@]1(O2)O)[C@H](C)C[C@@H]4CC[C@H]([C@@H](C4)OC)OCCO)C)/C)O)OC)C)C)/C)OC,0.0,5.0,0.0,0.0,0.0,0.0
102,Fatostatin A.mol,Fatostatin A,CCCc1cc(ccn1)c2nc(cs2)c3ccc(cc3)C,0.0,0.0,0.0,0.0,0.0,0.0
103,Fenretinide.mol,Fenretinide,CC1=C(C(CCC1)(C)C)/C=C/C(=C/C=C/C(=C/C(=O)Nc2ccc(cc2)O)/C)/C,0.0,1.0,0.0,0.0,0.0,0.0
104,Finasteride.mol,Finasteride,C[C@]12CC[C@H]3[C@H]([C@@H]1CC[C@@H]2C(=O)NC(C)(C)C)CC[C@@H]4[C@@]3(C=CC(=O)N4)C,0.0,2.0,0.0,0.0,0.0,0.0
105,Florone.mol,Florone,C[C@H]1C[C@H]2[C@@H]3C[C@@H](C4=CC(=O)C=C[C@@]4([C@]3([C@H](C[C@@]2([C@]1(C(=O)COC(=O)C)OC(=O)C)C)O)F)C)F,2.0,4.0,0.0,0.0,0.0,0.0
106,Floxapen.mol,Floxapen,Cc1c(c(no1)c2c(cccc2Cl)F)C(=O)N[C@H]3[C@@H]4N(C3=O)[C@H](C(S4)(C)C)C(=O)O,1.0,3.0,0.0,0.0,0.0,0.0
107,Fluconazole.mol,Fluconazole,c1cc(c(cc1F)F)C(Cn2cncn2)(Cn3cncn3)O,2.0,0.0,0.0,0.0,0.0,0.0
108,Fludarabine.mol,Fludarabine,c1nc2c(nc(nc2n1[C@H]3[C@H]([C@@H]([C@H](O3)COP(=O)(O)O)O)O)F)N,1.0,0.0,0.0,0.0,0.0,0.0
109,Fludrocortisone.mol,Fludrocortisone,CC(=O)OCC(=O)[C@]1(CC[C@@H]2[C@@]1(C[C@@H]([C@]3([C@H]2CCC4=CC(=O)CC[C@@]43C)F)O)C)O,1.0,3.0,0.0,0.0,0.0,0.0
110,Fluorescein.mol,Fluorescein,c1ccc2c(c1)C(=O)OC23c4ccc(cc4Oc5c3ccc(c5)O)O,0.0,1.0,0.0,0.0,0.0,0.0
111,Fluorouracil.mol,Fluorouracil,c1c(c(=O)[nH]c(=O)[nH]1)F,1.0,2.0,0.0,0.0,0.0,0.0
112,Flurbiprofen.mol,Flurbiprofen,C[C@H](c1ccc(c(c1)F)c2ccccc2)C(=O)O,1.0,1.0,0.0,0.0,0.0,0.0
113,Flutamide.mol,Flutamide,CC(C)C(=O)Nc1ccc(c(c1)C(F)(F)F)[N+](=O)[O-],3.0,1.0,0.0,0.0,0.0,1.0
114,Fluticasone.mol,Fluticasone,C[C@@H]1C[C@H]2[C@@H]3C[C@@H](C4=CC(=O)C=C[C@@]4([C@]3([C@H](C[C@@]2([C@]1(C(=O)SCF)O)C)O)F)C)F,3.0,2.0,0.0,0.0,0.0,0.0
115,Foretinib.mol,Foretinib,COc1cc2c(ccnc2cc1OCCCN3CCOCC3)Oc4ccc(cc4F)NC(=O)C5(CC5)C(=O)Nc6ccc(cc6)F,2.0,2.0,0.0,0.0,0.0,0.0
116,Formebolone.mol,Formebolone,C[C@@]1(CC[C@@H]2[C@@]1(C[C@H]([C@H]3[C@H]2CCC4=CC(=O)C(=C[C@]34C)C=O)O)C)O,0.0,2.0,0.0,0.0,0.0,0.0
117,Forskolin.mol,Forskolin,CC(=O)O[C@H]1[C@H]([C@@H]2[C@]([C@H](CCC2(C)C)O)([C@@]3([C@@]1(O[C@@](CC3=O)(C)C=C)C)O)C)O,0.0,2.0,0.0,0.0,0.0,0.0
118,Fosinopril.mol,Fosinopril,CCC(=O)O[C@@H](C(C)C)O[P@](=O)(CCCCc1ccccc1)CC(=O)N2C[C@@H](C[C@H]2C(=O)O)C3CCCCC3,0.0,3.0,0.0,0.0,0.0,0.0
119,Fulvastrune.mol,Fulvastrune,C[C@]12CC[C@@H]3c4ccc(cc4C[C@H]([C@H]3[C@@H]1CC[C@@H]2O)CCCCCCCCC[S@](=O)CCCC(C(F)(F)F)(F)F)O,5.0,0.0,2.0,0.0,0.0,0.0
120,G007-LK.mol,G007-LK,CS(=O)(=O)c1ccc(nc1)c2nnc(n2c3ccccc3Cl)/C=C/c4nnc(o4)c5ccc(cc5)C#N,0.0,0.0,0.0,1.0,0.0,0.0
121,GDC0032.mol,GDC0032,Cc1nc(n(n1)C(C)C)c2cn3c(n2)-c4ccc(cc4OCC3)c5cnn(c5)C(C)(C)C(=O)N,0.0,1.0,0.0,0.0,0.0,0.0
122,GDC0810.mol,GDC0810,CCC(=C(c1ccc(cc1)CCC(=O)O)c2ccc3c(c2)cn[nH]3)c4ccc(cc4Cl)F,1.0,1.0,0.0,0.0,0.0,0.0
123,GNE-795.mol,GNE-795,CCNc1c(cnc(n1)Nc2cc(c(cc2OC)C(=O)N3CCOCC3)F)C(F)(F)F,4.0,1.0,0.0,0.0,0.0,0.0
124,GNF-5.mol,GNF-5,c1cc(cc(c1)C(=O)NCCO)c2cc(ncn2)Nc3ccc(cc3)OC(F)(F)F,3.0,1.0,0.0,0.0,0.0,0.0
125,GSK 2033.mol,GSK 2033,Cc1cc(c(c(c1)C)S(=O)(=O)[N@](Cc2ccc(cc2)c3cccc(c3)S(=O)(=O)C)Cc4ccc(o4)C(F)(F)F)C,3.0,0.0,0.0,2.0,0.0,0.0
126,GSK 650394.mol,GSK 650394,c1ccc(cc1)c2cc3c(c[nH]c3nc2)c4ccc(c(c4)C5CCCC5)C(=O)O,0.0,1.0,0.0,0.0,0.0,0.0
127,GSK1904529a.mol,GSK1904529a,CCc1cc(c(cc1N2CCC(CC2)N3CCN(CC3)S(=O)(=O)C)OC)Nc4nccc(n4)c5c(nc6n5cccc6)c7ccc(c(c7)C(=O)Nc8c(cccc8F)F)OC,2.0,1.0,0.0,1.0,0.0,0.0
128,GSK2636771.mol,GSK2636771,Cc1c(cccc1C(F)(F)F)Cn2c(nc3c2cc(cc3C(=O)O)N4CCOCC4)C,3.0,1.0,0.0,0.0,0.0,0.0
129,GSK923295.mol,GSK923295,C[C@@H](c1cccn2c1nc(c2)c3ccc(cc3)C[C@@H](CNC(=O)CN(C)C)NC(=O)c4ccc(c(c4)Cl)OC(C)C)O,0.0,2.0,0.0,0.0,0.0,0.0
130,Gabapentin.mol,Gabapentin,C1CCC(CC1)(CC(=O)O)CN,0.0,1.0,0.0,0.0,0.0,0.0
131,Gefitinib.mol,Gefitinib,COc1cc2c(cc1OCCCN3CCOCC3)c(ncn2)Nc4ccc(c(c4)Cl)F,1.0,0.0,0.0,0.0,0.0,0.0
132,Geldanamycin.mol,Geldanamycin,C[C@H]1C[C@@H]([C@@H]([C@H](/C=C(/[C@@H]([C@H](/C=C\C=C(\C(=O)NC2=CC(=O)C(=C(C1)C2=O)OC)/C)OC)OC(=O)N)\C)C)O)OC,0.0,4.0,0.0,0.0,0.0,0.0
133,Gemcitabine.mol,Gemcitabine,c1cn(c(=O)nc1N)[C@H]2C([C@@H]([C@H](O2)CO)O)(F)F,2.0,1.0,0.0,0.0,0.0,0.0
134,Glipizide.mol,Glipizide,Cc1cnc(cn1)C(=O)NCCc2ccc(cc2)S(=O)(=O)NC(=O)NC3CCCCC3,0.0,2.0,0.0,1.0,0.0,0.0
135,Glybenclamide.mol,Glybenclamide,COc1ccc(cc1C(=O)NCCc2ccc(cc2)S(=O)(=O)NC(=O)NC3CCCCC3)Cl,0.0,2.0,0.0,1.0,0.0,0.0
136,Golvatinib.mol,Golvatinib,CN1CCN(CC1)C2CCN(CC2)C(=O)Nc3cc(ccn3)Oc4ccc(c(c4)F)NC(=O)C5(CC5)C(=O)Nc6ccc(cc6)F,2.0,3.0,0.0,0.0,0.0,0.0
137,HMN-214.mol,HMN-214,CC(=O)N(c1ccccc1C=Cc2cc[n+](cc2)[O-])S(=O)(=O)c3ccc(cc3)OC,0.0,1.0,0.0,1.0,0.0,0.0
138,Halotestin.mol,Halotestin,C[C@]12CCC(=O)C=C1CC[C@@H]3[C@@]2([C@H](C[C@]4([C@H]3CC[C@]4(C)O)C)O)F,1.0,1.0,0.0,0.0,0.0,0.0
139,Harmine.mol,Harmine,Cc1c2c(ccn1)c3ccc(cc3[nH]2)OC,0.0,0.0,0.0,0.0,0.0,0.0
140,Herbimycin A.mol,Herbimycin A,C[C@H]1C[C@@H]([C@@H]([C@H](/C=C(/[C@@H]([C@H](/C=C\C=C(\C(=O)NC2=CC(=O)C=C([C@@H]1OC)C2=O)/C)OC)OC(=O)N)\C)C)OC)OC,0.0,4.0,0.0,0.0,0.0,0.0
141,ICG-001.mol,ICG-001,c1ccc(cc1)CNC(=O)N2CCC(=O)N3[C@@H]2CN(C(=O)[C@@H]3Cc4ccc(cc4)O)Cc5cccc6c5cccc6,0.0,3.0,0.0,0.0,0.0,0.0
142,INK128.mol,INK128,CC(C)n1c2c(c(n1)c3ccc4c(c3)nc(o4)N)c(ncn2)N,0.0,0.0,0.0,0.0,0.0,0.0
143,IOX 2.mol,IOX 2,c1ccc(cc1)Cn2c3ccccc3c(c(c2=O)C(=O)NCC(=O)O)O,0.0,3.0,0.0,0.0,0.0,0.0
144,IWP-L6.mol,IWP-L6,c1ccc(cc1)c2ccc(nc2)NC(=O)CSc3nc4c(c(=O)n3c5ccccc5)SCC4,0.0,2.0,0.0,0.0,0.0,0.0
145,IWR-1-endo.mol,IWR-1-endo,c1cc2cccnc2c(c1)NC(=O)c3ccc(cc3)N4C(=O)[C@H]5[C@@H]6C[C@H]([C@H]5C4=O)C=C6,0.0,3.0,0.0,0.0,0.0,0.0
146,Idasanutlin.mol,Idasanutlin,CC(C)(C)C[C@H]1[C@]([C@H]([C@@H](N1)C(=O)Nc2ccc(cc2OC)C(=O)O)c3cccc(c3F)Cl)(C#N)c4ccc(cc4F)Cl,2.0,2.0,0.0,0.0,0.0,0.0
147,Idelalisib.mol,Idelalisib,CC[C@@H](c1nc2cccc(c2c(=O)n1c3ccccc3)F)Nc4c-5ncnc5nc[nH]4,1.0,1.0,0.0,0.0,0.0,0.0
148,Iniparib.mol,Iniparib,c1cc(c(cc1C(=O)N)[N+](=O)[O-])I,0.0,1.0,0.0,0.0,0.0,1.0
149,Ipatasertib.mol,Ipatasertib,C[C@@H]1C[C@H](c2c1c(ncn2)N3CCN(CC3)C(=O)[C@H](CNC(C)C)c4ccc(cc4)Cl)O,0.0,1.0,0.0,0.0,0.0,0.0
150,Itraconazole.mol,Itraconazole,CC[C@@H](C)n1c(=O)n(cn1)c2ccc(cc2)N3CCN(CC3)c4ccc(cc4)OC[C@H]5CO[C@](O5)(Cn6cncn6)c7ccc(cc7Cl)Cl,0.0,1.0,0.0,0.0,0.0,0.0
151,Ixazomib.mol,Ixazomib,B([C@H](CC(C)C)/N=C(/C/N=C(/c1cc(ccc1Cl)Cl)\O)\O)(O)O,0.0,0.0,0.0,0.0,0.0,0.0
152,JNJ-7706621.mol,JNJ-7706621,c1cc(c(c(c1)F)C(=O)n2c(nc(n2)Nc3ccc(cc3)S(=O)(=O)N)N)F,2.0,1.0,0.0,1.0,0.0,0.0
153,K-252a.mol,K-252a,C[C@@]12[C@](C[C@@H](O1)n3c4ccccc4c5c3c6n2c7ccccc7c6c8c5C(=O)NC8)(C(=O)OC)O,0.0,2.0,0.0,0.0,0.0,0.0
154,KW-2478.mol,KW-2478,CCc1c(cc(c(c1CC(=O)N(CCOC)CCOC)C(=O)c2ccc(c(c2)OC)OCCN3CCOCC3)O)O,0.0,2.0,0.0,0.0,0.0,0.0
155,Kaempherol.mol,Kaempherol,c1cc(ccc1c2c(c(=O)c3c(cc(cc3o2)O)O)O)O,0.0,1.0,0.0,0.0,0.0,0.0
156,Kenpaullone.mol,Kenpaullone,c1ccc2c(c1)-c3c(c4cc(ccc4[nH]3)Br)CC(=O)N2,0.0,1.0,0.0,0.0,0.0,0.0
157,Ketoconazole.mol,Ketoconazole,CC(=O)N1CCN(CC1)c2ccc(cc2)OC[C@H]3CO[C@](O3)(Cn4ccnc4)c5ccc(cc5Cl)Cl,0.0,1.0,0.0,0.0,0.0,0.0
158,LCL161.mol,LCL161,C[C@@H](C(=O)N[C@@H](C1CCCCC1)C(=O)N2CCC[C@H]2c3nc(cs3)C(=O)c4ccc(cc4)F)NC,1.0,3.0,0.0,0.0,0.0,0.0
159,LDN-212854.mol,LDN-212854,c1cc(c2cccnc2c1)c3cnn4c3ncc(c4)c5ccc(cc5)N6CCNCC6,0.0,0.0,0.0,0.0,0.0,0.0
160,LGB321.mol,LGB321,C[C@H]1CN(C[C@H]([C@@H]1O)N)c2ccncc2NC(=O)c3ccc(c(n3)c4c(cccc4F)F)F,3.0,1.0,0.0,0.0,0.0,0.0
161,LJI308.mol,LJI308,c1cc(ccc1c2ccncc2c3cc(c(c(c3)F)O)F)N4CCOCC4,2.0,0.0,0.0,0.0,0.0,0.0
162,LUMINESPIB.mol,LUMINESPIB,CCNC(=O)c1c(c(on1)c2cc(c(cc2O)O)C(C)C)c3ccc(cc3)CN4CCOCC4,0.0,1.0,0.0,0.0,0.0,0.0
163,LY3009120.mol,LY3009120,Cc1cc(c(cc1c2cc3cnc(nc3nc2C)NC)NC(=O)NCCC(C)(C)C)F,1.0,1.0,0.0,0.0,0.0,0.0
164,LY411575.mol,LY411575,C[C@@H](C(=O)N[C@H]1c2ccccc2-c3ccccc3N(C1=O)C)NC(=O)[C@H](c4cc(cc(c4)F)F)O,2.0,3.0,0.0,0.0,0.0,0.0
165,Lansoprazole.mol,Lansoprazole,Cc1c(ccnc1CS(=O)c2[nH]c3ccccc3n2)OCC(F)(F)F,3.0,0.0,2.0,0.0,0.0,0.0
166,Lapatinib.mol,Lapatinib,CS(=O)(=O)CCNCc1ccc(o1)c2ccc3c(c2)c(ncn3)Nc4ccc(c(c4)Cl)OCc5cccc(c5)F,1.0,0.0,0.0,1.0,0.0,0.0
167,Latamoxef.mol,Latamoxef,Cn1c(nnn1)SCC2=C(N3[C@@H]([C@@](C3=O)(NC(=O)[C@H](c4ccc(cc4)O)C(=O)O)OC)OC2)C(=O)O,0.0,4.0,0.0,0.0,0.0,0.0
168,Leflunomide.mol,Leflunomide,Cc1c(cno1)C(=O)Nc2ccc(cc2)C(F)(F)F,3.0,1.0,0.0,0.0,0.0,0.0
169,Leukadherin 1.mol,Leukadherin 1,c1ccc(cc1)CN2C(=O)/C(=C/c3ccc(o3)c4ccc(cc4)C(=O)O)/SC2=S,0.0,2.0,0.0,0.0,0.0,0.0
170,Levocabastine.mol,Levocabastine,C[C@@H]1C[N@@](CC[C@@]1(c2ccccc2)C(=O)O)C3CCC(CC3)(C#N)c4ccc(cc4)F,1.0,1.0,0.0,0.0,0.0,0.0
171,Linifanib.mol,Linifanib,Cc1ccc(c(c1)NC(=O)Nc2ccc(cc2)c3cccc4c3c(n[nH]4)N)F,1.0,1.0,0.0,0.0,0.0,0.0
172,Lomitapide.mol,Lomitapide,c1ccc(c(c1)c2ccc(cc2)C(F)(F)F)C(=O)NC3CCN(CC3)CCCCC4(c5ccccc5-c6c4cccc6)C(=O)NCC(F)(F)F,6.0,2.0,0.0,0.0,0.0,0.0
173,Lubiprostone.mol,Lubiprostone,CCCCC([C@]1(CC[C@H]2[C@H](O1)CC(=O)[C@@H]2CCCCCCC(=O)O)O)(F)F,2.0,2.0,0.0,0.0,0.0,0.0
174,MEK162.mol,MEK162,Cn1cnc2c1cc(c(c2F)Nc3ccc(cc3F)Br)C(=O)NOCCO,2.0,1.0,0.0,0.0,0.0,0.0
175,MGCD-265.mol,MGCD-265,Cn1cc(nc1)c2cc3c(s2)c(ccn3)Oc4ccc(cc4F)NC(=S)NC(=O)Cc5ccccc5,1.0,1.0,0.0,0.0,0.0,0.0
176,MK-0752.mol,MK-0752,c1cc(ccc1S(=O)(=O)C2(CCC(CC2)CCC(=O)O)c3cc(ccc3F)F)Cl,2.0,1.0,0.0,1.0,0.0,0.0
177,MK-8245.mol,MK-8245,c1cc(c(cc1F)OC2CCN(CC2)c3cc(on3)c4nnn(n4)CC(=O)O)Br,1.0,1.0,0.0,0.0,0.0,0.0
178,MK2206.mol,MK2206,c1ccc(cc1)c2cc3c(ccn4c3n[nH]c4=O)nc2c5ccc(cc5)C6(CCC6)N,0.0,1.0,0.0,0.0,0.0,0.0
179,ML323.mol,ML323,Cc1cnc(nc1NCc2ccc(cc2)n3ccnn3)c4ccccc4C(C)C,0.0,0.0,0.0,0.0,0.0,0.0
180,MLN 2480.mol,MLN 2480,C[C@H](c1ncc(s1)C(=O)Nc2cc(c(cn2)Cl)C(F)(F)F)NC(=O)c3c(c(ncn3)N)Cl,3.0,2.0,0.0,0.0,0.0,0.0
181,Macbecin I.mol,Macbecin I,C[C@H]1C[C@@H]([C@@H]([C@H](/C=C(/[C@@H]([C@H](/C=C\C=C(\C(=O)NC2=CC(=O)C=C([C@@H]1OC)C2=O)/C)C)OC(=O)N)\C)C)OC)OC,0.0,4.0,0.0,0.0,0.0,0.0
182,Masitinib.mol,Masitinib,Cc1ccc(cc1Nc2nc(cs2)c3cccnc3)NC(=O)c4ccc(cc4)CN5CCN(CC5)C,0.0,1.0,0.0,0.0,0.0,0.0
183,Meclizine.mol,Meclizine,Cc1cccc(c1)CN2CCN(CC2)[C@H](c3ccccc3)c4ccc(cc4)Cl,0.0,0.0,0.0,0.0,0.0,0.0
184,Mefloquine.mol,Mefloquine,c1cc2c(cc(nc2c(c1)C(F)(F)F)C(F)(F)F)[C@@H]([C@H]3CCCCN3)O,6.0,0.0,0.0,0.0,0.0,0.0
185,Methotrexate.mol,Methotrexate,CN(Cc1cnc2c(n1)c(nc(n2)N)N)c3ccc(cc3)C(=O)N[C@@H](CCC(=O)O)C(=O)O,0.0,3.0,0.0,0.0,0.0,0.0
186,Mibefradil.mol,Mibefradil,CC(C)[C@H]1c2ccc(cc2CC[C@@]1(CC[N@](C)CCCc3[nH]c4ccccc4n3)OC(=O)COC)F,1.0,1.0,0.0,0.0,0.0,0.0
187,Miconazole.mol,Miconazole,c1cc(c(cc1Cl)Cl)CO[C@H](Cn2ccnc2)c3ccc(cc3Cl)Cl,0.0,0.0,0.0,0.0,0.0,0.0
188,Mubritinib.mol,Mubritinib,c1cc(ccc1CCCCn2ccnn2)OCc3coc(n3)/C=C/c4ccc(cc4)C(F)(F)F,3.0,0.0,0.0,0.0,0.0,0.0
189,NITROFURANTOIN.mol,NITROFURANTOIN,c1cc(oc1/C=N/N2CC(=O)NC2=O)[N+](=O)[O-],0.0,2.0,0.0,0.0,0.0,1.0
190,NMS-E973.mol,NMS-E973,CN1CCC(CC1)NC(=O)c2cc(on2)c3c(cc(cc3Oc4ccc(cc4)[N+](=O)[O-])O)O,0.0,1.0,0.0,0.0,0.0,1.0
191,NVP-2.mol,NVP-2,C[C@H](COC)NC1CCC(CC1)Nc2cc(c(cn2)Cl)c3cccc(n3)NCC4(CCOCC4)C#N,0.0,0.0,0.0,0.0,0.0,0.0
192,NVP-BHG712.mol,NVP-BHG712,Cc1ccc(cc1Nc2c3cnn(c3nc(n2)c4cccnc4)C)C(=O)Nc5cccc(c5)C(F)(F)F,3.0,1.0,0.0,0.0,0.0,0.0
193,NVP-TNKS656.mol,NVP-TNKS656,COc1ccc(cc1)C(=O)C2CCN(CC2)CC(=O)N(Cc3[nH]c(=O)c4c(n3)CCOC4)CC5CC5,0.0,3.0,0.0,0.0,0.0,0.0
194,Nabumetone.mol,Nabumetone,CC(=O)CCc1ccc2cc(ccc2c1)OC,0.0,1.0,0.0,0.0,0.0,0.0
195,Napabucasin.mol,Napabucasin,CC(=O)c1cc2c(o1)C(=O)c3ccccc3C2=O,0.0,3.0,0.0,0.0,0.0,0.0
196,Navitoclax.mol,Navitoclax,CC1(CCC(=C(C1)CN2CCN(CC2)c3ccc(cc3)C(=O)NS(=O)(=O)c4ccc(c(c4)S(=O)(=O)C(F)(F)F)N[C@H](CCN5CCOCC5)CSc6ccccc6)c7ccc(cc7)Cl)C,3.0,1.0,0.0,2.0,0.0,0.0
197,Nedocromil.mol,Nedocromil,CCCc1c2c(cc3c1oc(cc3=O)C(=O)O)c(=O)cc(n2CC)C(=O)O,0.0,4.0,0.0,0.0,0.0,0.0
198,Neratinib.mol,Neratinib,CCOc1cc2c(cc1NC(=O)/C=C/CN(C)C)c(c(cn2)C#N)Nc3ccc(c(c3)Cl)OCc4ccccn4,0.0,1.0,0.0,0.0,0.0,0.0
199,Neurodazine.mol,Neurodazine,COc1ccc(cc1)c2c(nc([nH]2)c3ccc(o3)c4cccc(c4)Cl)c5ccc(cc5)OC,0.0,0.0,0.0,0.0,0.0,0.0
200,Nilotinib.mol,Nilotinib,Cc1ccc(cc1Nc2nccc(n2)c3cccnc3)C(=O)Nc4cc(cc(c4)n5cc(nc5)C)C(F)(F)F,3.0,1.0,0.0,0.0,0.0,0.0
201,Nilutamide.mol,Nilutamide,CC1(C(=O)N(C(=O)N1)c2ccc(c(c2)C(F)(F)F)[N+](=O)[O-])C,3.0,2.0,0.0,0.0,0.0,1.0
202,Nirogacestat.mol,Nirogacestat,CCC[C@@H](C(=O)Nc1cn(cn1)C(C)(C)CNCC(C)(C)C)N[C@H]2CCc3cc(cc(c3C2)F)F,2.0,1.0,0.0,0.0,0.0,0.0
203,Nystatin.mol,Nystatin,C[C@H]1/C=C/C=C/CC/C=C/C=C/C=C/C=C/[C@@H](C[C@H]2[C@@H]([C@H](C[C@](O2)(C[C@H]([C@@H](CC[C@H](C[C@H](C[C@H](CC(=O)O[C@H]([C@@H]([C@@H]1O)C)C)O)O)O)O)O)O)O)C(=O)O)O[C@H]3[C@H]([C@H]([C@@H]([C@H](O3)C)O)N)O,0.0,2.0,0.0,0.0,0.0,0.0
204,OSI-930.mol,OSI-930,c1ccc2c(c1)c(ccn2)CNc3ccsc3C(=O)Nc4ccc(cc4)OC(F)(F)F,3.0,1.0,0.0,0.0,0.0,0.0
205,Odanacatib.mol,Odanacatib,CC(C)(C[C@@H](C(=O)NC1(CC1)C#N)N[C@@H](c2ccc(cc2)c3ccc(cc3)S(=O)(=O)C)C(F)(F)F)F,4.0,1.0,0.0,1.0,0.0,0.0
206,Olaparib.mol,Olaparib,c1ccc2c(c1)c(n[nH]c2=O)Cc3ccc(c(c3)C(=O)N4CCN(CC4)C(=O)C5CC5)F,1.0,3.0,0.0,0.0,0.0,0.0
207,Oprozomib.mol,Oprozomib,Cc1ncc(s1)C(=O)N[C@@H](COC)C(=O)N[C@@H](COC)C(=O)N[C@@H](Cc2ccccc2)C(=O)[C@]3(CO3)C,0.0,4.0,0.0,0.0,0.0,0.0
208,PD0332991.mol,PD0332991,Cc1c2cnc(nc2n(c(=O)c1C(=O)C)C3CCCC3)Nc4ccc(cn4)N5CCNCC5,0.0,2.0,0.0,0.0,0.0,0.0
209,PF-00562271.mol,PF-00562271,C[N@](c1c(cccn1)CNc2c(cnc(n2)Nc3ccc4c(c3)CC(=O)N4)C(F)(F)F)S(=O)(=O)C,3.0,1.0,0.0,1.0,0.0,0.0
210,PF-03814735.mol,PF-03814735,CC(=O)NCC(=O)N1[C@@H]2CC[C@H]1c3c2ccc(c3)Nc4ncc(c(n4)NC5CCC5)C(F)(F)F,3.0,2.0,0.0,0.0,0.0,0.0
211,PF-04929113.mol,PF-04929113,CC1(Cc2c(c(nn2c3ccc(c(c3)NC4CCC(CC4)OC(=O)CN)C(=O)N)C(F)(F)F)C(=O)C1)C,3.0,3.0,0.0,0.0,0.0,0.0
212,PF-3845.mol,PF-3845,c1cc(cc(c1)Oc2ccc(cn2)C(F)(F)F)CC3CCN(CC3)C(=O)Nc4cccnc4,3.0,1.0,0.0,0.0,0.0,0.0
213,PF-431396.mol,PF-431396,C[N@](c1ccccc1CNc2c(cnc(n2)Nc3ccc4c(c3)CC(=O)N4)C(F)(F)F)S(=O)(=O)C,3.0,1.0,0.0,1.0,0.0,0.0
214,PF-573228.mol,PF-573228,CS(=O)(=O)c1cccc(c1)CNc2c(cnc(n2)Nc3ccc4c(c3)CCC(=O)N4)C(F)(F)F,3.0,1.0,0.0,1.0,0.0,0.0
215,PHA-665752.mol,PHA-665752,Cc1c([nH]c(c1C(=O)N2CCC[C@@H]2CN3CCCC3)C)/C=C\4/c5cc(ccc5NC4=O)S(=O)(=O)Cc6c(cccc6Cl)Cl,0.0,2.0,0.0,1.0,0.0,0.0
216,PLX-4720.mol,PLX-4720,CCCS(=O)(=O)Nc1ccc(c(c1F)C(=O)c2c[nH]c3c2cc(cn3)Cl)F,2.0,1.0,0.0,1.0,0.0,0.0
217,PND-1186.mol,PND-1186,CNC(=O)c1ccccc1Nc2cc(ncc2C(F)(F)F)Nc3ccc(cc3OC)N4CCOCC4,3.0,1.0,0.0,0.0,0.0,0.0
218,Paclitaxel.mol,Paclitaxel,CC1=C2[C@H](C(=O)[C@@]3([C@H](C[C@@H]4[C@]([C@H]3[C@@H]([C@@](C2(C)C)(C[C@@H]1OC(=O)[C@@H]([C@H](c5ccccc5)NC(=O)c6ccccc6)O)O)OC(=O)c7ccccc7)(CO4)OC(=O)C)O)C)OC(=O)C,0.0,6.0,0.0,0.0,0.0,0.0
219,Panobinostat.mol,Panobinostat,Cc1c(c2ccccc2[nH]1)CCNCc3ccc(cc3)/C=C/C(=O)NO,0.0,1.0,0.0,0.0,0.0,0.0
220,Paricalcitol.mol,Paricalcitol,C[C@H](/C=C/[C@H](C)C(C)(C)O)[C@H]1CC[C@@H]\2[C@@]1(CCC/C2=C\C=C3C[C@H](C[C@@H](C3)O)O)C,0.0,0.0,0.0,0.0,0.0,0.0
221,Pazopanib.mol,Pazopanib,Cc1ccc(cc1S(=O)(=O)N)Nc2nccc(n2)N(C)c3ccc4c(n(nc4c3)C)C,0.0,0.0,0.0,1.0,0.0,0.0
222,Peficitinib.mol,Peficitinib,c1c[nH]c2c1c(c(cn2)C(=O)N)NC3[C@@H]4CC5C[C@H]3CC(C4)(C5)O,0.0,1.0,0.0,0.0,0.0,0.0
223,Pefloxacin.mol,Pefloxacin,CCn1cc(c(=O)c2c1cc(c(c2)F)N3CCN(CC3)C)C(=O)O,1.0,2.0,0.0,0.0,0.0,0.0
224,Pemetrexed.mol,Pemetrexed,c1cc(ccc1CCc2c[nH]c3c2c(=O)nc([nH]3)N)C(=O)N[C@@H](CCC(=O)O)C(=O)O,0.0,4.0,0.0,0.0,0.0,0.0
225,Permitil.mol,Permitil,c1ccc2c(c1)N(c3cc(ccc3S2)C(F)(F)F)CCCN4CCN(CC4)CCO,3.0,0.0,0.0,0.0,0.0,0.0
226,Pexidartinib.mol,Pexidartinib,c1cc(ncc1Cc2c[nH]c3c2cc(cn3)Cl)NCc4ccc(nc4)C(F)(F)F,3.0,0.0,0.0,0.0,0.0,0.0
227,Pictilisib.mol,Pictilisib,CS(=O)(=O)N1CCN(CC1)Cc2cc3c(s2)c(nc(n3)c4cccc5c4cn[nH]5)N6CCOCC6,0.0,0.0,0.0,1.0,0.0,0.0
228,Piperlongumine.mol,Piperlongumine,COc1cc(cc(c1OC)OC)/C=C/C(=O)N2CCC=CC2=O,0.0,2.0,0.0,0.0,0.0,0.0
229,Pitavastatin.mol,Pitavastatin,c1ccc2c(c1)c(c(c(n2)C3CC3)/C=C/[C@H](C[C@H](CC(=O)O)O)O)c4ccc(cc4)F,1.0,1.0,0.0,0.0,0.0,0.0
230,Pluripotin.mol,Pluripotin,Cc1ccc(cc1N2Cc3cnc(nc3N(C2=O)C)Nc4cc(nn4C)C)NC(=O)c5cccc(c5)C(F)(F)F,3.0,2.0,0.0,0.0,0.0,0.0
231,Pob-SAM.mol,Pob-SAM,C#CCOC/C=C/C[S@+](CC[C@@H](C(=O)O)N)C[C@@H]1[C@H]([C@H]([C@@H](O1)n2cnc3c2ncnc3N)O)O,0.0,1.0,0.0,0.0,0.0,0.0
232,Ponatinib.mol,Ponatinib,Cc1ccc(cc1C#Cc2cnc3n2nccc3)C(=O)Nc4ccc(c(c4)C(F)(F)F)CN5CCN(CC5)C,3.0,1.0,0.0,0.0,0.0,0.0
233,Prasugrel.mol,Prasugrel,CC(=O)Oc1cc2c(s1)CC[N@@](C2)[C@@H](c3ccccc3F)C(=O)C4CC4,1.0,2.0,0.0,0.0,0.0,0.0
234,Purvalanol.mol,Purvalanol,CC(C)[C@H](CO)Nc1nc(c2c(n1)n(cn2)C(C)C)Nc3ccc(c(c3)Cl)C(=O)O,0.0,1.0,0.0,0.0,0.0,0.0
235,R547.mol,R547,COc1ccc(c(c1C(=O)c2cnc(nc2N)NC3CCN(CC3)S(=O)(=O)C)F)F,2.0,1.0,0.0,1.0,0.0,0.0
236,RKI-1447.mol,RKI-1447,c1cc(cc(c1)O)CNC(=O)Nc2nc(cs2)c3ccncc3,0.0,1.0,0.0,0.0,0.0,0.0
237,RO4929097.mol,RO4929097,CC(C)(C(=O)NCC(C(F)(F)F)(F)F)C(=O)N[C@H]1c2ccccc2-c3ccccc3NC1=O,5.0,3.0,0.0,0.0,0.0,0.0
238,RO5126766.mol,RO5126766,Cc1c2ccc(cc2oc(=O)c1Cc3ccnc(c3F)NS(=O)(=O)NC)Oc4ncccn4,1.0,1.0,0.0,1.0,0.0,0.0
239,Radicicol.mol,Radicicol,C[C@@H]1C[C@@H]2[C@H](O2)/C=C\C=C\C(=O)Cc3c(c(cc(c3Cl)O)O)C(=O)O1,0.0,2.0,0.0,0.0,0.0,0.0
240,Radotinib.mol,Radotinib,Cc1ccc(cc1Nc2nccc(n2)c3cnccn3)C(=O)Nc4cc(cc(c4)n5cc(nc5)C)C(F)(F)F,3.0,1.0,0.0,0.0,0.0,0.0
241,Raltegravir.mol,Raltegravir,Cc1nnc(o1)C(=O)NC(C)(C)c2nc(c(c(=O)n2C)O)C(=O)NCc3ccc(cc3)F,1.0,3.0,0.0,0.0,0.0,0.0
242,Rapamycin.mol,Rapamycin,C[C@@H]1CC[C@H]2C[C@@H](/C(=C/C=C/C=C/[C@H](C[C@H](C(=O)[C@@H]([C@@H](/C(=C/[C@H](C(=O)C[C@H](OC(=O)[C@@H]3CCCCN3C(=O)C(=O)[C@@]1(O2)O)[C@H](C)C[C@@H]4CC[C@H]([C@@H](C4)OC)O)C)/C)O)OC)C)C)/C)OC,0.0,5.0,0.0,0.0,0.0,0.0
243,Refametinib.mol,Refametinib,CCNc1c(cnc(n1)Nc2cc(c(cc2OC)C(=O)N3CCOCC3)F)C(F)(F)F,4.0,1.0,0.0,0.0,0.0,0.0
244,Regorafenib.mol,Regorafenib,CNC(=O)c1cc(ccn1)Oc2ccc(c(c2)F)NC(=O)Nc3ccc(c(c3)C(F)(F)F)Cl,4.0,2.0,0.0,0.0,0.0,0.0
245,Remikiren.mol,Remikiren,CC(C)(C)S(=O)(=O)C[C@H](Cc1ccccc1)C(=O)N[C@@H](Cc2cnc[nH]2)C(=O)N[C@H](CC3CCCCC3)[C@@H]([C@@H](C4CC4)O)O,0.0,2.0,0.0,1.0,0.0,0.0
246,Riluzole.mol,Riluzole,c1cc2c(cc1OC(F)(F)F)sc(n2)N,3.0,0.0,0.0,0.0,0.0,0.0
247,Risperidone.mol,Risperidone,Cc1c(c(=O)n2c(n1)CCCC2)CCN3CCC(CC3)c4c5ccc(cc5on4)F,1.0,1.0,0.0,0.0,0.0,0.0
248,Rocilinostat.mol,Rocilinostat,c1ccc(cc1)N(c2ccccc2)c3ncc(cn3)C(=O)NCCCCCCC(=O)NO,0.0,2.0,0.0,0.0,0.0,0.0
249,Roflumilast.mol,Roflumilast,c1cc(c(cc1C(=O)Nc2c(cncc2Cl)Cl)OCC3CC3)OC(F)F,2.0,1.0,0.0,0.0,0.0,0.0
250,SB-431542.mol,SB-431542,c1ccnc(c1)c2c(nc([nH]2)c3ccc(cc3)C(=O)N)c4ccc5c(c4)OCO5,0.0,1.0,0.0,0.0,0.0,0.0
251,SB705498.mol,SB705498,c1ccc(c(c1)NC(=O)N[C@@H]2CCN(C2)c3ccc(cn3)C(F)(F)F)Br,3.0,1.0,0.0,0.0,0.0,0.0
252,SGI-1027.mol,SGI-1027,Cc1cc(nc(n1)N)Nc2ccc(cc2)NC(=O)c3ccc(cc3)Nc4ccnc5c4cccc5,0.0,1.0,0.0,0.0,0.0,0.0
253,SU11274.mol,SU11274,Cc1c([nH]c(c1C(=O)N2CCN(CC2)C)C)/C=C\3/c4cc(ccc4NC3=O)S(=O)(=O)[N@@](C)c5cccc(c5)Cl,0.0,2.0,0.0,1.0,0.0,0.0
254,Safinamide.mol,Safinamide,C[C@@H](C(=O)N)NCc1ccc(cc1)OCc2cccc(c2)F,1.0,1.0,0.0,0.0,0.0,0.0
255,Saprisartan.mol,Saprisartan,CCc1nc(c(n1Cc2ccc3c(c2)c(c(o3)c4ccccc4NS(=O)(=O)C(F)(F)F)Br)C(=O)N)C5CC5,3.0,1.0,0.0,1.0,0.0,0.0
256,Sertraline.mol,Sertraline,CN[C@H]1CC[C@H](c2c1cccc2)c3ccc(c(c3)Cl)Cl,0.0,0.0,0.0,0.0,0.0,0.0
257,Sitagliptin.mol,Sitagliptin,c1c(c(cc(c1F)F)F)C[C@H](CC(=O)N2CCn3c(nnc3C(F)(F)F)C2)N,6.0,1.0,0.0,0.0,0.0,0.0
258,Sonolisib.mol,Sonolisib,CC(=O)O[C@@H]1C[C@]2([C@@H](CCC2=O)C3=C1[C@]4([C@H](OC(=O)/C(=C/N(CC=C)CC=C)/C4=C(C3=O)O)COC)C)C,0.0,4.0,0.0,0.0,0.0,0.0
259,Sorafenib.mol,Sorafenib,CNC(=O)c1cc(ccn1)Oc2ccc(cc2)NC(=O)Nc3ccc(c(c3)C(F)(F)F)Cl,3.0,2.0,0.0,0.0,0.0,0.0
260,Sotradecol.mol,Sotradecol,CCCC[C@@H](CC)CC[C@@H](CC(C)C)OS(=O)(=O)[O-],0.0,0.0,0.0,1.0,0.0,0.0
261,Staurosporine.mol,Staurosporine,C[C@@]12[C@@H]([C@@H](C[C@@H](O1)n3c4ccccc4c5c3c6n2c7ccccc7c6c8c5C(=O)NC8)NC)OC,0.0,1.0,0.0,0.0,0.0,0.0
262,Sufentanil.mol,Sufentanil,CCC(=O)N(c1ccccc1)C2(CCN(CC2)CCc3cccs3)COC,0.0,1.0,0.0,0.0,0.0,0.0
263,Sulfadiazine.mol,Sulfadiazine,c1cnc(nc1)NS(=O)(=O)c2ccc(cc2)N,0.0,0.0,0.0,1.0,0.0,0.0
264,Sulfadimethoxine.mol,Sulfadimethoxine,COc1cc(nc(n1)OC)NS(=O)(=O)c2ccc(cc2)N,0.0,0.0,0.0,1.0,0.0,0.0
265,Sulfamoxole.mol,Sulfamoxole,Cc1c(oc(n1)NS(=O)(=O)c2ccc(cc2)N)C,0.0,0.0,0.0,1.0,0.0,0.0
266,Sulfaphenazole.mol,Sulfaphenazole,c1ccc(cc1)n2c(ccn2)NS(=O)(=O)c3ccc(cc3)N,0.0,0.0,0.0,1.0,0.0,0.0
267,Sulfapyridine.mol,Sulfapyridine,c1ccnc(c1)NS(=O)(=O)c2ccc(cc2)N,0.0,0.0,0.0,1.0,0.0,0.0
268,Sulfasalazine.mol,Sulfasalazine,c1ccnc(c1)NS(=O)(=O)c2ccc(cc2)/N=N/c3ccc(c(c3)C(=O)O)O,0.0,1.0,0.0,1.0,0.0,0.0
269,Sulfinpyrazone.mol,Sulfinpyrazone,c1ccc(cc1)N2C(=O)C(C(=O)N2c3ccccc3)CCS(=O)c4ccccc4,0.0,2.0,2.0,0.0,0.0,0.0
270,Sulfisoxazole.mol,Sulfisoxazole,Cc1c(noc1NS(=O)(=O)c2ccc(cc2)N)C,0.0,0.0,0.0,1.0,0.0,0.0
271,Sulindac.mol,Sulindac,CC\1=C(c2cc(ccc2/C1=C\c3ccc(cc3)S(=O)C)F)CC(=O)O,1.0,1.0,2.0,0.0,0.0,0.0
272,Suprofen.mol,Suprofen,C[C@H](c1ccc(cc1)C(=O)c2cccs2)C(=O)O,0.0,2.0,0.0,0.0,0.0,0.0
273,Suramin.mol,Suramin,Cc1ccc(cc1NC(=O)c2cccc(c2)NC(=O)Nc3cccc(c3)C(=O)Nc4cc(ccc4C)C(=O)Nc5ccc(c6c5c(cc(c6)S(=O)(=O)O)S(=O)(=O)O)S(=O)(=O)O)C(=O)Nc7ccc(c8c7c(cc(c8)S(=O)(=O)O)S(=O)(=O)O)S(=O)(=O)O,0.0,5.0,0.0,6.0,0.0,0.0
274,Suvorexant.mol,Suvorexant,Cc1ccc(c(c1)C(=O)N2CCN(CC[C@H]2C)c3nc4cc(ccc4o3)Cl)n5nccn5,0.0,1.0,0.0,0.0,0.0,0.0
275,TAE226.mol,TAE226,CNC(=O)c1ccccc1Nc2c(cnc(n2)Nc3ccc(cc3OC)N4CCOCC4)Cl,0.0,1.0,0.0,0.0,0.0,0.0
276,TAK-441.mol,TAK-441,CCc1cc2c(c(c(n2C)C(=O)NC3CCN(CC3)C(=O)CO)OCC(F)(F)F)c(=O)n1CC(=O)c4ccccc4,3.0,4.0,0.0,0.0,0.0,0.0
277,TAK-632.mol,TAK-632,c1cc(cc(c1)C(F)(F)F)CC(=O)Nc2cc(ccc2F)Oc3ccc4c(c3C#N)sc(n4)NC(=O)C5CC5,4.0,2.0,0.0,0.0,0.0,0.0
278,TALAZOPARIB.mol,TALAZOPARIB,Cn1c(ncn1)[C@H]2c3c4c(cc(cc4N[C@@H]2c5ccc(cc5)F)F)c(=O)[nH]n3,2.0,1.0,0.0,0.0,0.0,0.0
279,TCS ERK 11e.mol,TCS ERK 11e,Cc1cnc(nc1c2cc([nH]c2)C(=O)N[C@H](CO)c3cccc(c3)Cl)Nc4ccc(cc4Cl)F,1.0,1.0,0.0,0.0,0.0,0.0
280,TW-37.mol,TW-37,CC(C)c1ccccc1Cc2cc(c(c(c2O)O)O)C(=O)Nc3ccc(cc3)S(=O)(=O)c4ccccc4C(C)(C)C,0.0,1.0,0.0,1.0,0.0,0.0
281,Tacrolimus.mol,Tacrolimus,C[C@@H]1C[C@@H]([C@@H]2[C@H](C[C@H]([C@@](O2)(C(=O)C(=O)N3CCCC[C@H]3C(=O)O[C@@H]([C@@H]([C@H](CC(=O)[C@@H](/C=C(/C1)\C)CC=C)O)C)/C(=C/[C@@H]4CC[C@H]([C@@H](C4)OC)O)/C)O)C)OC)OC,0.0,4.0,0.0,0.0,0.0,0.0
282,Tadalafil.mol,Tadalafil,CN1CC(=O)N2[C@@H](C1=O)Cc3c4ccccc4[nH]c3[C@H]2c5ccc6c(c5)OCO6,0.0,2.0,0.0,0.0,0.0,0.0
283,Tafluprost.mol,Tafluprost,CC(C)OC(=O)CCC/C=C\C[C@H]1[C@H](C[C@H]([C@@H]1/C=C/C(COc2ccccc2)(F)F)O)O,2.0,1.0,0.0,0.0,0.0,0.0
284,Talmapimod.mol,Talmapimod,C[C@@H]1C[N@@]([C@H](CN1C(=O)c2cc3c(cc2Cl)n(cc3C(=O)C(=O)N(C)C)C)C)Cc4ccc(cc4)F,1.0,3.0,0.0,0.0,0.0,0.0
285,Tamibarotene.mol,Tamibarotene,CC1(CCC(c2c1ccc(c2)NC(=O)c3ccc(cc3)C(=O)O)(C)C)C,0.0,2.0,0.0,0.0,0.0,0.0
286,Tamoxifen.mol,Tamoxifen,CCC(=C(c1ccccc1)c2ccc(cc2)OCCN(C)C)c3ccccc3,0.0,0.0,0.0,0.0,0.0,0.0
287,Tamsulosin.mol,Tamsulosin,CCOc1ccccc1OCCN[C@H](C)Cc2ccc(c(c2)S(=O)(=O)N)OC,0.0,0.0,0.0,1.0,0.0,0.0
288,Tanespimycin.mol,Tanespimycin,C[C@H]1C[C@@H]([C@@H]([C@H](/C=C(/[C@@H]([C@H](/C=C\C=C(\C(=O)NC2=CC(=O)C(=C(C1)C2=O)NCC=C)/C)OC)OC(=O)N)\C)C)O)OC,0.0,4.0,0.0,0.0,0.0,0.0
289,Tapentadol.mol,Tapentadol,CC[C@@H](c1cccc(c1)O)[C@@H](C)CN(C)C,0.0,0.0,0.0,0.0,0.0,0.0
290,Tariquidar.mol,Tariquidar,COc1cc2c(cc1OC)C[N@@](CC2)CCc3ccc(cc3)NC(=O)c4cc(c(cc4NC(=O)c5cc6ccccc6nc5)OC)OC,0.0,2.0,0.0,0.0,0.0,0.0
291,Taselisib.mol,Taselisib,Cc1nc(n(n1)C(C)C)c2cn3c(n2)-c4ccc(cc4OCC3)c5cnn(c5)C(C)(C)C(=O)N,0.0,1.0,0.0,0.0,0.0,0.0
292,Tasimelteon.mol,Tasimelteon,CC/C(=N/C[C@@H]1C[C@H]1c2cccc3c2CCO3)/O,0.0,0.0,0.0,0.0,0.0,0.0
293,Tasosartan.mol,Tasosartan,Cc1c2c(nc(n1)C)N(C(=O)CC2)Cc3ccc(cc3)c4ccccc4c5n[nH]nn5,0.0,1.0,0.0,0.0,0.0,0.0
294,Tavaborole.mol,Tavaborole,B1(c2ccc(cc2CO1)F)O,1.0,0.0,0.0,0.0,0.0,0.0
295,Tazarotene.mol,Tazarotene,CCOC(=O)c1ccc(nc1)C#Cc2ccc3c(c2)C(CCS3)(C)C,0.0,1.0,0.0,0.0,0.0,0.0
296,Tedizolid Phosphate.mol,Tedizolid Phosphate,Cn1nc(nn1)c2ccc(cn2)c3ccc(cc3F)N4C[C@@H](OC4=O)COP(=O)(O)O,1.0,1.0,0.0,0.0,0.0,0.0
297,Tegafur.mol,Tegafur,c1c(c(=O)[nH]c(=O)n1[C@H]2CCCO2)F,1.0,2.0,0.0,0.0,0.0,0.0
298,Telaprevir.mol,Telaprevir,CCC[C@@H](C(=O)C(=O)NC1CC1)NC(=O)[C@@H]2[C@H]3CCC[C@H]3CN2C(=O)[C@H](C(C)(C)C)NC(=O)[C@H](C4CCCCC4)NC(=O)c5cnccn5,0.0,6.0,0.0,0.0,0.0,0.0
299,Telavancin.mol,Telavancin,CCCCCCCCCCNCCN[C@]1(C[C@@H](O[C@H]([C@H]1O)C)O[C@@H]2[C@H]([C@@H]([C@H](O[C@H]2Oc3c4cc5cc3Oc6ccc(cc6Cl)[C@H]([C@H](C(=O)N[C@H](C(=O)N[C@H]5C(=O)N[C@@H]7c8ccc(c(c8)-c9c(cc(c(c9O)CNCP(=O)(O)O)O)[C@H](NC(=O)[C@H]([C@@H](c1ccc(c(c1)Cl)O4)O)NC7=O)C(=O)O)O)CC(=O)N)NC(=O)[C@@H](CC(C)C)NC)O)CO)O)O)C,0.0,8.0,0.0,0.0,0.0,0.0
300,Telithromycin.mol,Telithromycin,CC[C@H]1[C@]2([C@@H]([C@H](C(=O)[C@@H](C[C@@]([C@@H]([C@H](C(=O)[C@H](C(=O)O1)C)C)O[C@H]3[C@@H]([C@H](C[C@H](O3)C)N(C)C)O)(C)OC)C)C)N(C(=O)O2)CCCCn4cc(nc4)c5cccnc5)C,0.0,4.0,0.0,0.0,0.0,0.0
301,Telmisartan.mol,Telmisartan,CCCc1nc2c(cc(cc2n1Cc3ccc(cc3)c4ccccc4C(=O)O)c5nc6ccccc6n5C)C,0.0,1.0,0.0,0.0,0.0,0.0
302,Temazepam.mol,Temazepam,CN1c2ccc(cc2C(=N[C@@H](C1=O)O)c3ccccc3)Cl,0.0,1.0,0.0,0.0,0.0,0.0
303,Temsirolimus.mol,Temsirolimus,C[C@@H]1CC[C@@H]2C[C@@H](/C(=C/C=C/C=C/[C@H](C[C@H](C(=O)[C@@H]([C@@H](/C(=C/[C@H](C(=O)C[C@H](OC(=O)[C@@H]3CCCCN3C(=O)C(=O)[C@@]1(O2)O)[C@H](C)C[C@@H]4CC[C@H]([C@@H](C4)OC)OC(=O)C(C)(CO)CO)C)/C)O)OC)C)C)/C)OC,0.0,6.0,0.0,0.0,0.0,0.0
304,Teniposide.mol,Teniposide,COc1cc(cc(c1O)OC)[C@@H]2c3cc4c(cc3[C@H]([C@@H]5[C@@H]2C(=O)OC5)O[C@H]6[C@@H]([C@H]([C@H]7[C@H](O6)CO[C@@H](O7)c8cccs8)O)O)OCO4,0.0,1.0,0.0,0.0,0.0,0.0
305,Tenovin-1.mol,Tenovin-1,CC(=O)Nc1ccc(cc1)NC(=S)NC(=O)c2ccc(cc2)C(C)(C)C,0.0,2.0,0.0,0.0,0.0,0.0
306,Tenoxicam.mol,Tenoxicam,C[N@]1/C(=C(/Nc2ccccn2)\O)/C(=O)c3c(ccs3)S1(=O)=O,0.0,1.0,0.0,1.0,0.0,0.0
307,Terazosin.mol,Terazosin,COc1cc2c(cc1OC)nc(nc2N)N3CCN(CC3)C(=O)[C@H]4CCCO4,0.0,1.0,0.0,0.0,0.0,0.0
308,Terbinafine.mol,Terbinafine,CC(C)(C)C#C/C=C/C[N@@](C)Cc1cccc2c1cccc2,0.0,0.0,0.0,0.0,0.0,0.0
309,Terconazole.mol,Terconazole,CC(C)N1CCN(CC1)c2ccc(cc2)OC[C@H]3CO[C@](O3)(Cn4cncn4)c5ccc(cc5Cl)Cl,0.0,0.0,0.0,0.0,0.0,0.0
310,Thalidomide.mol,Thalidomide,c1ccc2c(c1)C(=O)N(C2=O)[C@H]3CCC(=O)NC3=O,0.0,4.0,0.0,0.0,0.0,0.0
311,Thiabendazole.mol,Thiabendazole,c1ccc2c(c1)[nH]c(n2)c3cscn3,0.0,0.0,0.0,0.0,0.0,0.0
312,Thiamylal.mol,Thiamylal,CCC[C@H](C)C1(C(=O)NC(=S)NC1=O)CC=C,0.0,2.0,0.0,0.0,0.0,0.0
313,Thiazovivin.mol,Thiazovivin,c1ccc(cc1)CNC(=O)c2csc(n2)Nc3ccncn3,0.0,1.0,0.0,0.0,0.0,0.0
314,Thiopental.mol,Thiopental,CCC[C@H](C)C1(C(=O)NC(=S)NC1=O)CC,0.0,2.0,0.0,0.0,0.0,0.0
315,Thioproperazine.mol,Thioproperazine,CN1CCN(CC1)CCCN2c3ccccc3Sc4c2cc(cc4)S(=O)(=O)N(C)C,0.0,0.0,0.0,1.0,0.0,0.0
316,Thioridazine.mol,Thioridazine,C[N@@]1CCCC[C@H]1CCN2c3ccccc3Sc4c2cc(cc4)SC,0.0,0.0,0.0,0.0,0.0,0.0
317,Thiothixene.mol,Thiothixene,CN1CCN(CC1)CC/C=C\2/c3ccccc3Sc4c2cc(cc4)S(=O)(=O)N(C)C,0.0,0.0,0.0,1.0,0.0,0.0
318,Thymol.mol,Thymol,Cc1ccc(c(c1)O)C(C)C,0.0,0.0,0.0,0.0,0.0,0.0
319,Tiagabine.mol,Tiagabine,Cc1ccsc1C(=CCC[N@@]2CCC[C@H](C2)C(=O)O)c3c(ccs3)C,0.0,1.0,0.0,0.0,0.0,0.0
320,Tiaprofenic acid.mol,Tiaprofenic acid,C[C@H](c1ccc(s1)C(=O)c2ccccc2)C(=O)O,0.0,2.0,0.0,0.0,0.0,0.0
321,Ticagrelor.mol,Ticagrelor,CCCSc1nc(c2c(n1)n(nn2)[C@@H]3C[C@@H]([C@H]([C@H]3O)O)OCCO)N[C@@H]4C[C@H]4c5ccc(c(c5)F)F,2.0,0.0,0.0,0.0,0.0,0.0
322,Tioconazole.mol,Tioconazole,c1cc(c(cc1Cl)Cl)[C@@H](Cn2ccnc2)OCc3ccsc3Cl,0.0,0.0,0.0,0.0,0.0,0.0
323,Tipranavir.mol,Tipranavir,CCC[C@]1(CC(=C(C(=O)O1)[C@H](CC)c2cccc(c2)NS(=O)(=O)c3ccc(cn3)C(F)(F)F)O)CCc4ccccc4,3.0,1.0,0.0,1.0,0.0,0.0
324,Tivantinib.mol,Tivantinib,c1ccc2c(c1)c(c[nH]2)[C@H]3[C@@H](C(=O)NC3=O)c4cn5c6c4cccc6CCC5,0.0,2.0,0.0,0.0,0.0,0.0
325,Tizanidine.mol,Tizanidine,c1cc(c(c2c1nsn2)NC3=NCCN3)Cl,0.0,0.0,0.0,0.0,0.0,0.0
326,Tofisopam.mol,Tofisopam,CC[C@@H]1c2cc(c(cc2C(=NN=C1C)c3ccc(c(c3)OC)OC)OC)OC,0.0,0.0,0.0,0.0,0.0,0.0
327,Tolazamide.mol,Tolazamide,Cc1ccc(cc1)S(=O)(=O)NC(=O)NN2CCCCCC2,0.0,1.0,0.0,1.0,0.0,0.0
328,Tolbutamide.mol,Tolbutamide,CCCCNC(=O)NS(=O)(=O)c1ccc(cc1)C,0.0,1.0,0.0,1.0,0.0,0.0
329,Tolcapone.mol,Tolcapone,Cc1ccc(cc1)C(=O)c2cc(c(c(c2)O)O)[N+](=O)[O-],0.0,1.0,0.0,0.0,0.0,1.0
330,Tolfenamic Acid.mol,Tolfenamic Acid,Cc1c(cccc1Cl)Nc2ccccc2C(=O)O,0.0,1.0,0.0,0.0,0.0,0.0
331,Tolmetin.mol,Tolmetin,Cc1ccc(cc1)C(=O)c2ccc(n2C)CC(=O)O,0.0,2.0,0.0,0.0,0.0,0.0
332,Tolnaftate.mol,Tolnaftate,Cc1cccc(c1)N(C)C(=S)Oc2ccc3ccccc3c2,0.0,0.0,0.0,0.0,0.0,0.0
333,Tolterodine.mol,Tolterodine,Cc1ccc(c(c1)[C@H](CCN(C(C)C)C(C)C)c2ccccc2)O,0.0,0.0,0.0,0.0,0.0,0.0
334,Tolvaptan.mol,Tolvaptan,Cc1ccccc1C(=O)Nc2ccc(c(c2)C)C(=O)N3CCC[C@H](c4c3ccc(c4)Cl)O,0.0,2.0,0.0,0.0,0.0,0.0
335,Torcetrapib.mol,Torcetrapib,CC[C@@H]1C[C@@H](c2cc(ccc2N1C(=O)OCC)C(F)(F)F)N(Cc3cc(cc(c3)C(F)(F)F)C(F)(F)F)C(=O)OC,9.0,2.0,0.0,0.0,0.0,0.0
336,Toremifene.mol,Toremifene,CN(C)CCOc1ccc(cc1)C(=C(CCCl)c2ccccc2)c3ccccc3,0.0,0.0,0.0,0.0,0.0,0.0
337,Torin 1.mol,Torin 1,CCC(=O)N1CCN(CC1)c2ccc(cc2C(F)(F)F)n3c(=O)ccc4c3c5cc(ccc5nc4)c6cc7ccccc7nc6,3.0,2.0,0.0,0.0,0.0,0.0
338,Torin 2.mol,Torin 2,c1cc(cc(c1)n2c(=O)ccc3c2c4cc(ccc4nc3)c5ccc(nc5)N)C(F)(F)F,3.0,1.0,0.0,0.0,0.0,0.0
339,Torkinib.mol,Torkinib,CC(C)n1c2c(c(n1)c3cc4cc(ccc4[nH]3)O)c(ncn2)N,0.0,0.0,0.0,0.0,0.0,0.0
340,Trabectedin.mol,Trabectedin,Cc1cc2c(c(c1OC)O)[C@@H]3[C@@H]4[C@H]5c6c(c7c(c(c6OC(=O)C)C)OCO7)[C@@H]([N@]4[C@H]([C@H](C2)[N@@]3C)O)COC(=O)[C@@]8(CS5)c9cc(c(cc9CCN8)O)OC,0.0,2.0,0.0,0.0,0.0,0.0
341,Trametinib.mol,Trametinib,Cc1c2c(c(n(c1=O)C)Nc3ccc(cc3F)I)c(=O)n(c(=O)n2c4cccc(c4)NC(=O)C)C5CC5,1.0,4.0,0.0,0.0,0.0,0.0
342,Trandolapril.mol,Trandolapril,CCOC(=O)[C@H](CCc1ccccc1)N[C@@H](C)C(=O)N2[C@H]3CCCC[C@@H]3C[C@H]2C(=O)O,0.0,3.0,0.0,0.0,0.0,0.0
343,Travoprost.mol,Travoprost,CC(C)OC(=O)CCC/C=C\C[C@H]1[C@H](C[C@H]([C@@H]1/C=C/[C@H](COc2cccc(c2)C(F)(F)F)O)O)O,3.0,1.0,0.0,0.0,0.0,0.0
344,Trazodone.mol,Trazodone,c1ccn2c(c1)nn(c2=O)CCCN3CCN(CC3)c4cccc(c4)Cl,0.0,1.0,0.0,0.0,0.0,0.0
345,Treprostinil.mol,Treprostinil,CCCCC[C@@H](CC[C@@H]1[C@H]2Cc3cccc(c3C[C@H]2C[C@H]1O)OCC(=O)O)O,0.0,1.0,0.0,0.0,0.0,0.0
346,Tretinoin.mol,Tretinoin,CC1=C(C(CCC1)(C)C)/C=C/C(=C/C=C/C(=C/C(=O)O)/C)/C,0.0,1.0,0.0,0.0,0.0,0.0
347,Triazolam.mol,Triazolam,Cc1nnc2n1-c3ccc(cc3C(=NC2)c4ccccc4Cl)Cl,0.0,0.0,0.0,0.0,0.0,0.0
348,Triclosan.mol,Triclosan,c1cc(c(cc1Cl)O)Oc2ccc(cc2Cl)Cl,0.0,0.0,0.0,0.0,0.0,0.0
349,Trifluoperazine.mol,Trifluoperazine,CN1CCN(CC1)CCCN2c3ccccc3Sc4c2cc(cc4)C(F)(F)F,3.0,0.0,0.0,0.0,0.0,0.0
350,Triflupromazine.mol,Triflupromazine,CN(C)CCCN1c2ccccc2Sc3c1cc(cc3)C(F)(F)F,3.0,0.0,0.0,0.0,0.0,0.0
351,Trimethaphan.mol,Trimethaphan,c1ccc(cc1)CN2[C@@H]3C[S@@+]4CCC[C@@H]4[C@@H]3N(C2=O)Cc5ccccc5,0.0,1.0,0.0,0.0,0.0,0.0
352,Trimethobenzamide.mol,Trimethobenzamide,CN(C)CCOc1ccc(cc1)CNC(=O)c2cc(c(c(c2)OC)OC)OC,0.0,1.0,0.0,0.0,0.0,0.0
353,Trimethoprim.mol,Trimethoprim,COc1cc(cc(c1OC)OC)Cc2cnc(nc2N)N,0.0,0.0,0.0,0.0,0.0,0.0
354,Trimetrexate.mol,Trimetrexate,Cc1c(ccc2c1c(nc(n2)N)N)CNc3cc(c(c(c3)OC)OC)OC,0.0,0.0,0.0,0.0,0.0,0.0
355,Trimipramine.mol,Trimipramine,C[C@@H](CN1c2ccccc2CCc3c1cccc3)CN(C)C,0.0,0.0,0.0,0.0,0.0,0.0
356,Trioxsalen.mol,Trioxsalen,Cc1cc(=O)oc2c1cc3cc(oc3c2C)C,0.0,1.0,0.0,0.0,0.0,0.0
357,Tripelennamine.mol,Tripelennamine,CN(C)CCN(Cc1ccccc1)c2ccccn2,0.0,0.0,0.0,0.0,0.0,0.0
358,Triprolidine.mol,Triprolidine,Cc1ccc(cc1)/C(=C\CN2CCCC2)/c3ccccn3,0.0,0.0,0.0,0.0,0.0,0.0
359,Troleandomycin.mol,Troleandomycin,C[C@@H]1C[C@@H]([C@H]([C@@H](O1)O[C@H]2[C@H](C[C@]3(CO3)C(=O)[C@@H]([C@H]([C@H]([C@H](OC(=O)[C@@H]([C@H]([C@@H]2C)O[C@H]4C[C@@H]([C@H]([C@@H](O4)C)OC(=O)C)OC)C)C)C)OC(=O)C)C)C)OC(=O)C)N(C)C,0.0,5.0,0.0,0.0,0.0,0.0
360,Trovafloxacin.mol,Trovafloxacin,c1cc(c(cc1F)F)n2cc(c(=O)c3c2nc(c(c3)F)N4C[C@@H]5[C@H](C4)[C@H]5N)C(=O)O,3.0,2.0,0.0,0.0,0.0,0.0
361,Trypan blue.mol,Trypan blue,Cc1c(ccc(c1)c2cc(c(cc2)/N=N/c3c(c4c(cc(cc4cc3S(=O)(=O)[O-])S(=O)(=O)[O-])N)O)C)/N=N/c5c(c6c(cc(cc6cc5S(=O)(=O)[O-])S(=O)(=O)[O-])N)O.[Na+].[Na+].[Na+].[Na+],0.0,0.0,0.0,4.0,0.0,0.0
362,Tubacin.mol,Tubacin,c1ccc(cc1)c2c(oc(n2)SC[C@H]3C[C@H](O[C@H](O3)c4ccc(cc4)NC(=O)CCCCCCC(=O)NO)c5ccc(cc5)CO)c6ccccc6,0.0,2.0,0.0,0.0,0.0,0.0
363,Tubocurarine.mol,Tubocurarine,C[N@@]1CCc2cc(c3cc2[C@@H]1Cc4ccc(cc4)Oc5c6c(cc(c5O)OC)CC[N+]([C@@H]6Cc7ccc(c(c7)O3)O)(C)C)OC,0.0,0.0,0.0,0.0,0.0,0.0
364,Tymazoline.mol,Tymazoline,Cc1ccc(c(c1)OCC2=NCCN2)C(C)C,0.0,0.0,0.0,0.0,0.0,0.0
365,Udenafil.mol,Udenafil,CCCc1c2c(c(=O)nc([nH]2)c3cc(ccc3OCCC)S(=O)(=O)NCC[C@H]4CCC[N@]4C)n(n1)C,0.0,1.0,0.0,1.0,0.0,0.0
366,Umeclidinium.mol,Umeclidinium,c1ccc(cc1)COCC[N+]23CCC(CC2)(CC3)C(c4ccccc4)(c5ccccc5)O,0.0,0.0,0.0,0.0,0.0,0.0
367,Ursodeoxycholic acid.mol,Ursodeoxycholic acid,C[C@H](CCC(=O)O)[C@H]1CC[C@@H]2[C@@]1(CC[C@H]3[C@H]2[C@H](C[C@H]4[C@@]3(CC[C@H](C4)O)C)O)C,0.0,1.0,0.0,0.0,0.0,0.0
368,Valdecoxib.mol,Valdecoxib,Cc1c(c(no1)c2ccccc2)c3ccc(cc3)S(=O)(=O)N,0.0,0.0,0.0,1.0,0.0,0.0
369,Valproic Acid.mol,Valproic Acid,CCCC(CCC)C(=O)O,0.0,1.0,0.0,0.0,0.0,0.0
370,Valrubicin.mol,Valrubicin,CCCCC(=O)OCC(=O)[C@@]1(Cc2c(c(c3c(c2O)C(=O)c4cccc(c4C3=O)OC)O)[C@H](C1)O[C@@H]5C[C@@H]([C@H]([C@@H](O5)C)O)NC(=O)C(F)(F)F)O,3.0,5.0,0.0,0.0,0.0,0.0
371,Valsartan.mol,Valsartan,CCCCC(=O)N(Cc1ccc(cc1)c2ccccc2c3n[nH]nn3)[C@@H](C(C)C)C(=O)O,0.0,2.0,0.0,0.0,0.0,0.0
372,Vandetanib.mol,Vandetanib,CN1CCC(CC1)COc2cc3c(cc2OC)c(ncn3)Nc4ccc(cc4F)Br,1.0,0.0,0.0,0.0,0.0,0.0
373,Vardenafil.mol,Vardenafil,CCCc1nc(c2n1nc([nH]c2=O)c3cc(ccc3OCC)S(=O)(=O)N4CCN(CC4)CC)C,0.0,1.0,0.0,1.0,0.0,0.0
374,Vemurafenib.mol,Vemurafenib,CCCS(=O)(=O)Nc1ccc(c(c1F)C(=O)c2c[nH]c3c2cc(cn3)c4ccc(cc4)Cl)F,2.0,1.0,0.0,1.0,0.0,0.0
375,Venetoclax.mol,Venetoclax,CC1(CCC(=C(C1)c2ccc(cc2)Cl)CN3CCN(CC3)c4ccc(c(c4)Oc5cc6cc[nH]c6nc5)C(=O)NS(=O)(=O)c7ccc(c(c7)[N+](=O)[O-])NCC8CCOCC8)C,0.0,1.0,0.0,1.0,0.0,1.0
376,Venlafaxine.mol,Venlafaxine,CN(C)C[C@@H](c1ccc(cc1)OC)C2(CCCCC2)O,0.0,0.0,0.0,0.0,0.0,0.0
377,Verapamil.mol,Verapamil,CC(C)[C@@](CCC[N@](C)CCc1ccc(c(c1)OC)OC)(C#N)c2ccc(c(c2)OC)OC,0.0,0.0,0.0,0.0,0.0,0.0
378,Verteporfin.mol,Verteporfin,Cc1c2/cc/3\nc(/cc\4/c(c(c([nH]4)cc5n/c(c\c(c1CCC(=O)OC)[nH]2)/C(=C5C)CCC(=O)O)C=C)C)C6=CC=C([C@H]([C@@]36C)C(=O)OC)C(=O)OC,0.0,4.0,0.0,0.0,0.0,0.0
379,Vilazodone.mol,Vilazodone,c1cc2c(cc1C#N)c(c[nH]2)CCCCN3CCN(CC3)c4ccc5c(c4)cc(o5)C(=O)N,0.0,1.0,0.0,0.0,0.0,0.0
380,Vinblastine.mol,Vinblastine,CC[C@@]1(C[C@@H]2C[C@@](c3c(c4ccccc4[nH]3)CC[N@](C2)C1)(c5cc6c(cc5OC)N([C@@H]7[C@]68CC[N@@]9[C@H]8[C@@](C=CC9)([C@H]([C@@]7(C(=O)OC)O)OC(=O)C)CC)C)C(=O)OC)O,0.0,3.0,0.0,0.0,0.0,0.0
381,Vincristine.mol,Vincristine,CC[C@@]1(C[C@@H]2C[C@@](c3c(c4ccccc4[nH]3)CC[N@@](C2)C1)(c5cc6c(cc5OC)N([C@@H]7[C@]68CC[N@@]9[C@H]8[C@@](C=CC9)([C@H]([C@@]7(C(=O)OC)O)OC(=O)C)CC)C=O)C(=O)OC)O,0.0,4.0,0.0,0.0,0.0,0.0
382,Viomycin.mol,Viomycin,[H]/N=C\1/N[C@H](C[C@@H](N1)O)[C@H]2C(=O)NC[C@@H](C(=O)N[C@H](C(=O)N[C@H](C(=O)N/C(=C\NC(=O)N)/C(=O)N2)CO)CO)NC(=O)C[C@H](CCCN)N,0.0,7.0,0.0,0.0,0.0,0.0
383,Voacamine.mol,Voacamine,CC[C@@H]1C[C@H]2C[C@]3([C@@H]1[N@](C2)CCc4c3[nH]c5c4cc(c(c5)[C@H]6C[C@H]\7[C@@H]([C@@H](Cc8c6[nH]c9c8cccc9)[N@@](C/C7=C/C)C)C(=O)OC)OC)C(=O)OC,0.0,2.0,0.0,0.0,0.0,0.0
384,Vorapaxar.mol,Vorapaxar,CCOC(=O)N[C@@H]1CC[C@@H]2[C@@H](C1)C[C@@H]3[C@H]([C@H]2/C=C/c4ccc(cn4)c5cccc(c5)F)[C@H](OC3=O)C,1.0,2.0,0.0,0.0,0.0,0.0
385,Voriconazole.mol,Voriconazole,C[C@@H](c1c(cncn1)F)[C@](Cn2cncn2)(c3ccc(cc3F)F)O,3.0,0.0,0.0,0.0,0.0,0.0
386,Wortmannin.mol,Wortmannin,CC(=O)O[C@@H]1C[C@]2([C@@H](CCC2=O)C3=C1[C@@]4(c5c(coc5C3=O)C(=O)O[C@@H]4COC)C)C,0.0,4.0,0.0,0.0,0.0,0.0
387,XL388.mol,XL388,Cc1c(ccc(c1F)S(=O)(=O)C)C(=O)N2CCOc3ccc(cc3C2)c4ccc(nc4)N,1.0,1.0,0.0,1.0,0.0,0.0
388,Z-DEVD-FMK.mol,Z-DEVD-FMK,CC(C)[C@@H](C(=O)N[C@@H](CC(=O)OC)C(=O)CF)NC(=O)[C@H](CCC(=O)OC)NC(=O)[C@H](CC(=O)OC)NC(=O)OCc1ccccc1,1.0,8.0,0.0,0.0,0.0,0.0
389,ZM 336372.mol,ZM 336372,Cc1ccc(cc1NC(=O)c2ccc(cc2)O)NC(=O)c3cccc(c3)N(C)C,0.0,2.0,0.0,0.0,0.0,0.0
390,ZSTK474.mol,ZSTK474,c1ccc2c(c1)nc(n2c3nc(nc(n3)N4CCOCC4)N5CCOCC5)C(F)F,2.0,0.0,0.0,0.0,0.0,0.0
391,Zotarolimus.mol,Zotarolimus,C[C@@H]1CC[C@H]2C[C@@H](/C(=C/C=C/C=C/[C@H](C[C@H](C(=O)[C@@H]([C@@H](/C(=C/[C@H](C(=O)C[C@H](OC(=O)[C@@H]3CCCCN3C(=O)C(=O)[C@@]1(O2)O)[C@H](C)C[C@@H]4CC[C@@H]([C@@H](C4)OC)n5cnnn5)C)/C)O)OC)C)C)/C)OC,0.0,5.0,0.0,0.0,0.0,0.0
392,antrafenine.mol,antrafenine,c1ccc(c(c1)C(=O)OCCN2CCN(CC2)c3cccc(c3)C(F)(F)F)Nc4ccnc5c4ccc(c5)C(F)(F)F,6.0,1.0,0.0,0.0,0.0,0.0
393,bafilomycin a.mol,bafilomycin a,C[C@H]1C/C(=C/C=C/[C@@H]([C@H](OC(=O)/C(=C/C(=C/[C@H]([C@H]1O)C)/C)/OC)[C@@H](C)[C@H]([C@H](C)[C@]2(C[C@H]([C@@H]([C@H](O2)C(C)C)C)O)O)O)OC)/C,0.0,1.0,0.0,0.0,0.0,0.0
394,celastrol 3f.mol,celastrol 3f,C[C@]12CC[C@@](C[C@H]1[C@@]3(CC[C@@]4(C(=CC=C5C4=CC(=O)C(=C5C(F)(F)F)O)[C@]3(CC2)C)C)C)(C)C(=O)O,3.0,2.0,0.0,0.0,0.0,0.0
395,celastrol.mol,celastrol,CC1=C(C(=O)C=C2C1=CC=C3[C@]2(CC[C@@]4([C@@]3(CC[C@@]5([C@H]4C[C@](CC5)(C)C(=O)O)C)C)C)C)O,0.0,2.0,0.0,0.0,0.0,0.0
396,celecoxib.mol,celecoxib,Cc1ccc(cc1)c2cc(nn2c3ccc(cc3)S(=O)(=O)N)C(F)(F)F,3.0,0.0,0.0,1.0,0.0,0.0
397,chlortalidone.mol,chlortalidone,c1ccc2c(c1)C(=O)N[C@]2(c3ccc(c(c3)S(=O)(=O)N)Cl)O,0.0,1.0,0.0,1.0,0.0,0.0
398,cisplatin.mol,cisplatin,[NH2-].[NH2-].[Cl-].[Cl-].[Pt+4],0.0,0.0,0.0,0.0,0.0,0.0
399,desogestrel.mol,desogestrel,CC[C@]12CC(=C)[C@H]3[C@H]([C@@H]1CC[C@]2(C#C)O)CCC4=CCCC[C@H]34,0.0,0.0,0.0,0.0,0.0,0.0
400,digitoxin.mol,digitoxin,C[C@@H]1[C@H]([C@H](C[C@@H](O1)O[C@@H]2[C@H](O[C@H](C[C@@H]2O)O[C@@H]3[C@H](O[C@H](C[C@@H]3O)O[C@H]4CC[C@]5([C@@H](C4)CC[C@@H]6[C@@H]5CC[C@]7([C@@]6(CC[C@@H]7C8=CC(=O)OC8)O)C)C)C)C)O)O,0.0,1.0,0.0,0.0,0.0,0.0
401,duvelisib.mol,duvelisib,C[C@@H](c1cc2cccc(c2c(=O)n1c3ccccc3)Cl)Nc4c5c([nH]cn5)ncn4,0.0,1.0,0.0,0.0,0.0,0.0
402,enzalutamide.mol,enzalutamide,CC1(C(=O)N(C(=S)N1c2ccc(c(c2)F)C(=O)NC)c3ccc(c(c3)C(F)(F)F)C#N)C,4.0,2.0,0.0,0.0,0.0,0.0
403,erlotinib.mol,erlotinib,COCCOc1cc2c(cc1OCCOC)ncnc2Nc3cccc(c3)C#C,0.0,0.0,0.0,0.0,0.0,0.0
404,ethinylestradiol.mol,ethinylestradiol,C[C@]12CC[C@@H]3c4ccc(cc4CC[C@H]3[C@@H]1CC[C@]2(C#C)O)O,0.0,0.0,0.0,0.0,0.0,0.0
405,ezetimibe.mol,ezetimibe,c1cc(ccc1[C@@H]2[C@H](C(=O)N2c3ccc(cc3)F)CC[C@@H](c4ccc(cc4)F)O)O,2.0,1.0,0.0,0.0,0.0,0.0
406,felodipine.mol,felodipine,CCOC(=O)C1=C(NC(=C([C@H]1c2cccc(c2Cl)Cl)C(=O)OC)C)C,0.0,2.0,0.0,0.0,0.0,0.0
407,gatifloxacin.mol,gatifloxacin,C[C@@H]1CN(CCN1)c2c(cc3c(c2OC)n(cc(c3=O)C(=O)O)C4CC4)F,1.0,2.0,0.0,0.0,0.0,0.0
408,glimepiride.mol,glimepiride,CCC1=C(CN(C1=O)C(=O)NCCc2ccc(cc2)S(=O)(=O)NC(=O)NC3CCC(CC3)C)C,0.0,3.0,0.0,1.0,0.0,0.0
409,grepafloxacin.mol,grepafloxacin,Cc1c2c(cc(c1F)N3CCN[C@@H](C3)C)n(cc(c2=O)C(=O)O)C4CC4,1.0,2.0,0.0,0.0,0.0,0.0
410,iloperidone.mol,iloperidone,CC(=O)c1ccc(c(c1)OC)OCCCN2CCC(CC2)c3c4ccc(cc4on3)F,1.0,1.0,0.0,0.0,0.0,0.0
411,ki8751.mol,ki8751,COc1cc2c(ccnc2cc1OC)Oc3ccc(c(c3)F)NC(=O)Nc4ccc(cc4F)F,3.0,1.0,0.0,0.0,0.0,0.0
412,levothyroxine.mol,levothyroxine,c1c(cc(c(c1I)Oc2cc(c(c(c2)I)O)I)I)C[C@@H](C(=O)O)N,0.0,1.0,0.0,0.0,0.0,0.0
413,linagliptin.mol,linagliptin,CC#CCn1c2c(nc1[N@]3CCC[C@H](C3)N)n(c(=O)n(c2=O)Cc4nc(c5ccccc5n4)C)C,0.0,2.0,0.0,0.0,0.0,0.0
414,mebendazole.mol,mebendazole,COC(=O)Nc1[nH]c2ccc(cc2n1)C(=O)c3ccccc3,0.0,2.0,0.0,0.0,0.0,0.0
415,mek azd.mol,mek azd,Cn1cnc2c1cc(c(c2F)Nc3ccc(cc3Cl)Br)C(=O)NOCCO,1.0,1.0,0.0,0.0,0.0,0.0
416,mestranol.mol,mestranol,C[C@]12CC[C@@H]3c4ccc(cc4CC[C@H]3[C@@H]1CC[C@]2(C#C)O)OC,0.0,0.0,0.0,0.0,0.0,0.0
417,metoprololtartrate.mol,metoprololtartrate,CC(C)NC[C@H](COc1ccc(cc1)CCOC)O,0.0,0.0,0.0,0.0,0.0,0.0
418,mirtazapine.mol,mirtazapine,C[N@@]1CCN2c3c(cccn3)Cc4ccccc4[C@@H]2C1,0.0,0.0,0.0,0.0,0.0,0.0
419,montelukast.mol,montelukast,CC(C)(c1ccccc1CC[C@H](c2cccc(c2)/C=C/c3ccc4ccc(cc4n3)Cl)SCC5(CC5)CC(=O)O)O,0.0,1.0,0.0,0.0,0.0,0.0
420,nefazodone.mol,nefazodone,CCc1nn(c(=O)n1CCOc2ccccc2)CCCN3CCN(CC3)c4cccc(c4)Cl,0.0,1.0,0.0,0.0,0.0,0.0
421,ondansetron.mol,ondansetron,Cc1nccn1C[C@@H]2CCc3c(c4ccccc4n3C)C2=O,0.0,1.0,0.0,0.0,0.0,0.0
422,pantoprazole.mol,pantoprazole,COc1ccnc(c1OC)CS(=O)c2[nH]c3ccc(cc3n2)OC(F)F,2.0,0.0,2.0,0.0,0.0,0.0
423,ramipril.mol,ramipril,CCOC(=O)[C@H](CCc1ccccc1)N[C@@H](C)C(=O)N2[C@H]3CCC[C@H]3C[C@H]2C(=O)O,0.0,3.0,0.0,0.0,0.0,0.0
424,rofecoxib.mol,rofecoxib,CS(=O)(=O)c1ccc(cc1)C2=C(C(=O)OC2)c3ccccc3,0.0,1.0,0.0,1.0,0.0,0.0
425,silvesterol.mol,silvesterol,COc1ccc(cc1)[C@]23[C@@H]([C@H]([C@H]([C@]2(c4c(cc(cc4OC)OC)O3)O)O)C(=O)NOC)c5ccccc5,0.0,1.0,0.0,0.0,0.0,0.0
426,simvastatin.mol,simvastatin,CCC(C)(C)C(=O)O[C@H]1C[C@H](C=C2[C@H]1[C@H]([C@H](C=C2)C)CC[C@@H]3C[C@H](CC(=O)O3)O)C,0.0,2.0,0.0,0.0,0.0,0.0
427,spironolactone.mol,spironolactone,CC(=O)S[C@@H]1CC2=CC(=O)CC[C@@]2([C@@H]3[C@@H]1[C@@H]4CC[C@]5([C@]4(CC3)C)CCC(=O)O5)C,0.0,3.0,0.0,0.0,0.0,0.0
428,sunitinib.mol,sunitinib,CCN(CC)CCNC(=O)c1c(c([nH]c1C)/C=C\2/c3cc(ccc3NC2=O)F)C,1.0,2.0,0.0,0.0,0.0,0.0
429,tetracycline.mol,tetracycline,C[C@]1(c2cccc(c2C(=O)C3=C([C@]4([C@@H](C[C@@H]31)[C@@H](C(=C(C4=O)C(=O)N)O)N(C)C)O)O)O)O,0.0,3.0,0.0,0.0,0.0,0.0
430,turofexorate isopropyl.mol,turofexorate isopropyl,CC(C)OC(=O)C1=CN(CC(c2c1[nH]c3c2cccc3)(C)C)C(=O)c4ccc(c(c4)F)F,2.0,2.0,0.0,0.0,0.0,0.0
431,vismodegib.mol,vismodegib,CS(=O)(=O)c1ccc(c(c1)Cl)C(=O)Nc2ccc(c(c2)c3ccccn3)Cl,0.0,1.0,0.0,1.0,0.0,0.0
432,voxtalisib.mol,voxtalisib,CCn1c2c(cc(c1=O)c3ccn[nH]3)c(nc(n2)N)C,0.0,1.0,0.0,0.0,0.0,0.0
